1,Carleton College,2165,College,Men,Division I,North Central,Northwoods DI,38,3,https://play.usaultimate.org/teams/events/Eventteam/?TeamId=07w4ZM%2buwH3CMfiMsFNpjjsRxwOklStysrZ6PcakvGY%3d
2,North Carolina,2140,College,Men,Division I,Atlantic Coast,Carolina DI,41,2,https://play.usaultimate.org/teams/events/Eventteam/?TeamId=tTPKbT0lNmhwk40hQhCrfkiYA4UNB95Q8YLAJM4NsRM%3d
3,Oregon,1996,College,Men,Division I,Northwest,Cascadia DI,35,5,https://play.usaultimate.org/teams/events/Eventteam/?TeamId=tZdD2WzmrUA%2fDVrhVdjGLmW88KX4zJDDBqqx82DVQhM%3d
4,Pittsburgh,1957,College,Men,Division I,Ohio Valley,West Penn DI,30,9,https://play.usaultimate.org/teams/events/Eventteam/?TeamId=9FTYxPVZLwk2RaMj9L2AuOylO37u7wbB6%2bua71J65IA%3d
5,Brown,1954,College,Men,Division I,New England,South New England DI,26,9,https://play.usaultimate.org/teams/events/Eventteam/?TeamId=E3V1dkRRQqEIJcR1xqxF5FvLSGXRJz8KFumviJ5kgNw%3d
6,Washington,1870,College,Men,Division I,Northwest,Cascadia DI,38,9,https://play.usaultimate.org/teams/events/Eventteam/?TeamId=LJdXTqDHjzqT7cPUQLZ5dRmmRNimZyyoV7EgMV6yRSY%3d
7,Massachusetts,1867,College,Men,Division I,New England,South New England DI,24,8,https://play.usaultimate.org/teams/events/Eventteam/?TeamId=ZMtt4JUVGBwxvYJ5%2bdMe9YFqp1M%2fiHjwxicxP7xYvw0%3d
8,Minnesota,1860,College,Men,Division I,North Central,Northwoods DI,33,10,https://play.usaultimate.org/teams/events/Eventteam/?TeamId=RTtBA3QNyXvEdpDeMximptXnVAZv2vqT%2fWnKzRZeFlY%3d
9,Georgia,1790,College,Men,Division I,Southeast,Southern Appalachian DI,20,7,https://play.usaultimate.org/teams/events/Eventteam/?TeamId=yoHir6vk74qrd42cBiktpusmlAx6WY0T%2bEia2Dr8QQo%3d
10,Wisconsin,1764,College,Men,Division I,North Central,Lake Superior DI,31,13,https://play.usaultimate.org/teams/events/Eventteam/?TeamId=picLu7CJRRAYVk4Qq3dQyJwtmd622%2fzKrwEDr49fMdI%3d
11,Florida,1752,College,Men,Division I,Southeast,Florida DI,31,10,https://play.usaultimate.org/teams/events/Eventteam/?TeamId=dpdb1%2fM0wWrdXgX6dndydcEVtkMzBgB%2b0eU1%2bHdUHbU%3d
12,Texas,1743,College,Men,Division I,South Central,South Texas DI,28,14,https://play.usaultimate.org/teams/events/Eventteam/?TeamId=9IxTEXmeKm0H1nfQZxzarHjFDz9iinj0ZK6yhr7TOoA%3d
13,Virginia Tech,1702,College,Men,Division I,Atlantic Coast,Virginia DI,25,11,https://play.usaultimate.org/teams/events/Eventteam/?TeamId=LdzSneqQ%2fTX9SabAxt3Bo3XMddhzixIvoal5J33LLqI%3d
14,Brigham Young,1697,College,Men,Division I,Northwest,Big Sky DI,21,10,https://play.usaultimate.org/teams/events/Eventteam/?TeamId=PNfyLPUrhG56iVEYP9OMavImDPLl3SKX%2fDUBIQqlpDc%3d
15,North Carolina-Wilmington,1694,College,Men,Division I,Atlantic Coast,Carolina DI,30,9,https://play.usaultimate.org/teams/events/Eventteam/?TeamId=k3HG0AgmR3eknUs9SgN3KxJiQ4wC41vlhgm31XHRzhs%3d
16,William & Mary,1679,College,Men,Division I,Atlantic Coast,Virginia DI,37,10,https://play.usaultimate.org/teams/events/Eventteam/?TeamId=Lth6rNDHANmuRjZBV9haA0j%2fu76%2bdUl%2bDaOZaLMFEfg%3d
17,Colorado,1676,College,Men,Division I,South Central,Rocky Mountain DI,22,11,https://play.usaultimate.org/teams/events/Eventteam/?TeamId=AK97D%2fDB1oEOGAlh999idCCpd45le3MkNRTXnDrZSGI%3d
18,Auburn,1675,College,Men,Division I,Southeast,Gulf Coast DI,26,14,https://play.usaultimate.org/teams/events/Eventteam/?TeamId=wSBSEWRc3K1dL3bQhrVDy%2ftfVmM5Vol%2bvrN7k9SrUA0%3d
19,Cal Poly-SLO,1666,College,Men,Division I,Southwest,SoCal DI,26,15,https://play.usaultimate.org/teams/events/Eventteam/?TeamId=tw%2fN%2bzpAp4JZRLpcHR0D%2baWzdfPjJUkmO03xULHFRJQ%3d
20,North Carolina State,1660,College,Men,Division I,Atlantic Coast,Carolina DI,26,16,https://play.usaultimate.org/teams/events/Eventteam/?TeamId=WYIpPhdALvWuI%2fmJICiGPqo9cvxlitVgmE8yWoO7riE%3d
21,Colorado State,1657,College,Men,Division I,South Central,Rocky Mountain DI,23,9,https://play.usaultimate.org/teams/events/Eventteam/?TeamId=F4YBN9yEbKegklx5nu3d73vYmdqWH3m9mTA2BVBr2hs%3d
22,Tufts,1654,College,Men,Division I,New England,Metro Boston DI,21,10,https://play.usaultimate.org/teams/events/Eventteam/?TeamId=vZPkFKxlkqxLGzBpVXCn8WmTVdH5wKnODz%2b8yWH32NE%3d
23,Texas A&M,1648,College,Men,Division I,South Central,South Texas DI,17,9,https://play.usaultimate.org/teams/events/Eventteam/?TeamId=YmUaLl2NqEIawXFUfl2Rma%2b0tZ5L9WgdGYFEWVx7zMg%3d
24,Maryland,1640,College,Men,Division I,Atlantic Coast,Colonial DI,27,18,https://play.usaultimate.org/teams/events/Eventteam/?TeamId=6ovkqf5delKO2cGvf%2b%2bbOR%2fxviR9vdoUWK1VgKELb28%3d
25,Carnegie Mellon,1612,College,Men,Division I,Ohio Valley,West Penn DI,20,11,https://play.usaultimate.org/teams/events/Eventteam/?TeamId=9KTuMel%2bUDXbulzIW%2fnKF3dg0QICe5zMUdEXOEImQKY%3d
26,Stanford,1612,College,Men,Division I,Southwest,NorCal DI,25,13,https://play.usaultimate.org/teams/events/Eventteam/?TeamId=2h8FipCKrZlWDpf9nI%2fv7r82dDRSP6St6SSXIflJMI0%3d
27,Northwestern,1608,College,Men,Division I,Great Lakes,Illinois DI,25,19,https://play.usaultimate.org/teams/events/Eventteam/?TeamId=zu8nFa652hJPqtY2k1CBctp2H59I9YxTfbxskNpWM90%3d
28,Texas State,1605,College,Men,Division I,South Central,South Texas DI,24,8,https://play.usaultimate.org/teams/events/Eventteam/?TeamId=LWBIe6S5v9iy4FhnhgUwocWyNuds%2bU2X7lYc7ydrQd8%3d
29,Bryant,1586,College,Men,Division III,New England,South New England DIII,25,2,https://play.usaultimate.org/teams/events/Eventteam/?TeamId=%2b0IoPkbi20njbSfCuBbcb9UYGJfldoU2e7yKcI573OE%3d
30,Iowa,1582,College,Men,Division I,North Central,West Plains DI,20,8,https://play.usaultimate.org/teams/events/Eventteam/?TeamId=q8eZqgHRftrSjCb%2bEOMx9GkBz5qzzUjGgcRuAjQO3L4%3d
31,Ohio State,1581,College,Men,Division I,Ohio Valley,Ohio DI,29,12,https://play.usaultimate.org/teams/events/Eventteam/?TeamId=6R2ObHROzohbdJDwqVTAyxTeEBhNY4oSIWzetPaK7s0%3d
32,Western Washington,1568,College,Men,Division I,Northwest,Cascadia DI,20,14,https://play.usaultimate.org/teams/events/Eventteam/?TeamId=n%2ffxgV0lsGG1guzwZx%2bc3S3CqhjNQ7PS0DJWClq0kZo%3d
33,Dartmouth,1555,College,Men,Division I,New England,North New England DIII,23,10,https://play.usaultimate.org/teams/events/Eventteam/?TeamId=K4Y04eyIJeMIgBFdcPO5S46dmE3kSo%2fe%2foVzZfIbDhk%3d
34,Emory,1550,College,Men,Division I,Southeast,Southern Appalachian DI,18,10,https://play.usaultimate.org/teams/events/Eventteam/?TeamId=udh%2fR03Lnm8Y9BZtTJWxQIo8Mezl7fkMFRFbaqEeUoM%3d
35,LSU,1545,College,Men,Division I,Southeast,Gulf Coast DI,19,16,https://play.usaultimate.org/teams/events/Eventteam/?TeamId=G5S03REorg%2fkkayHrfD2HqzmFUlK8KNyASYGYLrdZR8%3d
36,Kennesaw State,1542,College,Men,Division I,Southeast,Southern Appalachian DI,24,9,https://play.usaultimate.org/teams/events/Eventteam/?TeamId=%2fhfxMS9WKiBT1JuasCiwCQRIbY6%2bh%2bt7vB3c3hNgvCs%3d
37,Michigan,1540,College,Men,Division I,Great Lakes,Michigan DI,14,11,https://play.usaultimate.org/teams/events/Eventteam/?TeamId=KqIo6KOjzESVIrkeMp61npQrdD%2fmq56UJFnQr5FT6LI%3d
38,Victoria,1532,College,Men,Division I,Northwest,Cascadia DI,16,15,https://play.usaultimate.org/teams/events/Eventteam/?TeamId=0%2f7cJRC4PU6ok%2forlcAYxFxFSZOEakCqinpo%2bbNPQz4%3d
39,Middlebury,1527,College,Men,Division III,New England,North New England DIII,30,4,https://play.usaultimate.org/teams/events/Eventteam/?TeamId=va1%2b%2b54lsfmq9xMGrySXoSfNZ%2f3HWSKbhJ37O6x7Pio%3d
40,California,1525,College,Men,Division I,Southwest,NorCal DI,28,20,https://play.usaultimate.org/teams/events/Eventteam/?TeamId=nVyzN09e5EpJu3j5rDUFjXYvkUD6yP%2bwyEs%2fTTlDTLw%3d
41,Connecticut,1523,College,Men,Division I,Metro East,Hudson Valley DI,26,17,https://play.usaultimate.org/teams/events/Eventteam/?TeamId=tadrPgKPPf6rwWkgsdeIPkcbljMySEhgMCLafNGnnF8%3d
42,Notre Dame,1519,College,Men,Division I,Great Lakes,East Plains DI,20,9,https://play.usaultimate.org/teams/events/Eventteam/?TeamId=dzF0Q0Sh%2fxzAAen0nABZnmLlUhLZYmYdhGOL%2bLulo9g%3d
43,Northeastern,1518,College,Men,Division I,New England,Metro Boston DI,20,15,https://play.usaultimate.org/teams/events/Eventteam/?TeamId=7V5n4lQ6g644dX2N6b85xh3ifWbY8Gogb8M%2fAXRbT4g%3d
44,Air Force,1516,College,Men,Division III,South Central,Rocky Mountain DIII,31,3,https://play.usaultimate.org/teams/events/Eventteam/?TeamId=1dGeFdDE6iTIZOygJ7hX%2bUhxp%2bMbtn2hp3Wzf0s6560%3d
45,Florida State,1502,College,Men,Division I,Southeast,Florida DI,21,20,https://play.usaultimate.org/teams/events/Eventteam/?TeamId=s0vxaqHXRhh6Ah1HfLWkES6xdS0VNufR5i3%2b8aLUI44%3d
46,Georgetown,1501,College,Men,Division I,Atlantic Coast,Colonial DI,26,19,https://play.usaultimate.org/teams/events/Eventteam/?TeamId=PXiqDQoNrN4EWSxRd%2fglGIODesL5OpLghi5WEmrpv2E%3d
47,Marquette,1489,College,Men,Division I,North Central,Lake Superior DI,21,10,https://play.usaultimate.org/teams/events/Eventteam/?TeamId=Mt%2b%2fvUJUCoZN9dEQJBCaYRlAYdFLGaegq66I12ndfBY%3d
48,Temple,1484,College,Men,Division I,Ohio Valley,East Penn DI,24,10,https://play.usaultimate.org/teams/events/Eventteam/?TeamId=WEloTOW5%2bSj2Cj6fysjkdlYR5Db7QLicdfbhejg5tPU%3d
49,Illinois,1480,College,Men,Division I,Great Lakes,Illinois DI,24,16,https://play.usaultimate.org/teams/events/Eventteam/?TeamId=8KdMUyGieTTE%2f5I3oGTamGGWX6SQ2mVHHrWtpy%2fdJkk%3d
50,Central Florida,1473,College,Men,Division I,Southeast,Florida DI,14,22,https://play.usaultimate.org/teams/events/Eventteam/?TeamId=gtSMAvLxIIewTnKhpo46kd5Ntm%2fuaHXbe%2fmSRiyN7Wo%3d
51,British Columbia,1470,College,Men,Division I,Northwest,Cascadia DI,10,12,https://play.usaultimate.org/teams/events/Eventteam/?TeamId=Ledz5iCZM2puXiqpoJFzJFbUXxxqb1Glz3zT%2b1PZzH8%3d
52,Georgia Tech,1467,College,Men,Division I,Southeast,Southern Appalachian DI,19,10,https://play.usaultimate.org/teams/events/Eventteam/?TeamId=Vs5ROVFiYUxVqS5rtSKwg%2bV1qPl7n2P%2fNiBTH6IhCmM%3d
53,James Madison,1465,College,Men,Division I,Atlantic Coast,Virginia DI,21,15,https://play.usaultimate.org/teams/events/Eventteam/?TeamId=uMlltux%2bjCvUUGEb%2bbQeLqI9XVRNwQqOTm8%2bjknw9JU%3d
54,Illinois State,1448,College,Men,Division I,Great Lakes,Illinois DI,22,16,https://play.usaultimate.org/teams/events/Eventteam/?TeamId=P7X%2bYWvzpUAgAKyUhJ1TkWaTw68zBo4NIP6QZOqRO7E%3d
55,Texas-Dallas,1447,College,Men,Division I,South Central,North Texas DI,22,7,https://play.usaultimate.org/teams/events/Eventteam/?TeamId=r3TpKq5E01Wjw%2b5ab5txC1xxHjeRmeU6bcahfD32uzc%3d
56,Southern California,1440,College,Men,Division I,Southwest,SoCal DI,20,15,https://play.usaultimate.org/teams/events/Eventteam/?TeamId=S7QA4%2frl1hF9CkAt%2f6ClJ9G4izVisB99PRPHrpV%2fSMs%3d
57,Kansas,1437,College,Men,Division I,South Central,Ozarks DI,19,13,https://play.usaultimate.org/teams/events/Eventteam/?TeamId=qjXCM%2bL2NMTRMYOFMGaSICGurlPDz4fW%2b5xLtqyFuGI%3d
58,Vermont,1430,College,Men,Division I,New England,North New England DI,13,15,https://play.usaultimate.org/teams/events/Eventteam/?TeamId=q7NB5HzyT7X2Y6bh5VXHp6fthf1WvK52%2bnlNDoxZTPU%3d
59,Harvard,1425,College,Men,Division I,New England,Metro Boston DI,19,18,https://play.usaultimate.org/teams/events/Eventteam/?TeamId=GYcbuTkJ6nsuVZB6oqpqwa61HI%2b3gi0yRWDC1s4yTAw%3d
60,Mary Washington,1421,College,Men,Division III,Atlantic Coast,Northern Atlantic Coast DIII,30,8,https://play.usaultimate.org/teams/events/Eventteam/?TeamId=O9ZgLh5uSUXivl5WpDoeqX66vtTHZEIwqSy9JtlQtGQ%3d
61,Carleton College-GoP,1394,College,Men,Division III,North Central,Northwoods DIII,29,12,https://play.usaultimate.org/teams/events/Eventteam/?TeamId=Ub37iIeaDUt3ZHmSmR3yxPdvzC6U9kwOsv1RcCwwnds%3d
62,North Carolina-Charlotte,1386,College,Men,Division I,Atlantic Coast,Carolina DI,15,12,https://play.usaultimate.org/teams/events/Eventteam/?TeamId=KnTKBU2xXiHXBq2K6SrcH6VtwqdAQ178%2bZ%2fLHSCSv%2b8%3d
63,South Carolina,1385,College,Men,Division I,Atlantic Coast,Carolina DI,17,11,https://play.usaultimate.org/teams/events/Eventteam/?TeamId=1hr4ad23cxC4EUHHvnY7%2fwTMRo8URXwaz0kMUye%2fxts%3d
64,Arkansas,1383,College,Men,Division I,South Central,Ozarks DI,16,13,https://play.usaultimate.org/teams/events/Eventteam/?TeamId=uFJDPr7t2z%2bIDcj%2br9WZFUjwVKwIv0y7Zc8sSqI6nbQ%3d
65,UCLA,1382,College,Men,Division I,Southwest,SoCal DI,21,17,https://play.usaultimate.org/teams/events/Eventteam/?TeamId=pDzpLkpPJ4n5plxJhTCxk%2f063OrbuCY4KJOX9Mln3As%3d
66,Santa Clara,1375,College,Men,Division I,Southwest,NorCal DI,16,11,https://play.usaultimate.org/teams/events/Eventteam/?TeamId=Chga3l96Oy9c1UBprPp6tSm3D9RHlyRyKP7PDhqhkrI%3d
67,Cornell,1373,College,Men,Division I,Metro East,Western NY DI,17,9,https://play.usaultimate.org/teams/events/Eventteam/?TeamId=Fq3hTJn%2bkgMK9Ee7jXanMIvALBUhrr4BOQlX%2fcWa5Oc%3d
68,Oregon State,1370,College,Men,Division I,Northwest,Cascadia DI,10,22,https://play.usaultimate.org/teams/events/Eventteam/?TeamId=EEyTWSZcWCcC5oHUPVL16gTNQQ1xFnJSb6ITZJ2Mnis%3d
69,Richmond,1367,College,Men,Division III,Atlantic Coast,Northern Atlantic Coast DIII,24,13,https://play.usaultimate.org/teams/events/Eventteam/?TeamId=hdgrL09F0jsQ3cctFgbtnoXEnwMvJXoU2%2fkQt1ASfXY%3d
70,Virginia,1366,College,Men,Division I,Atlantic Coast,Virginia DI,17,18,https://play.usaultimate.org/teams/events/Eventteam/?TeamId=vCPQ7ubhKAEQC7Aog2LHe7XOqrfbX6Mj6psxM3%2fcb0Y%3d
71,Utah,1360,College,Men,Division I,Northwest,Big Sky DI,23,13,https://play.usaultimate.org/teams/events/Eventteam/?TeamId=KQ8JL%2fA4eoLqs4kaniVYByvlXk%2bFvL9hx%2bDCCXvnOa4%3d
72,Iowa State,1358,College,Men,Division I,North Central,West Plains DI,17,17,https://play.usaultimate.org/teams/events/Eventteam/?TeamId=beE199fKoJMhnLILz6zLqkOS%2b7KFC0M%2fwzLNNI63APM%3d
73,Villanova,1356,College,Men,Division I,Ohio Valley,East Penn DI,21,11,https://play.usaultimate.org/teams/events/Eventteam/?TeamId=ChNevCH1DbPhGYSLFD1lYqlLSiD%2b%2fDqneiRxRKb2zJE%3d
74,Washington University,1344,College,Men,Division I,South Central,Ozarks DI,16,14,https://play.usaultimate.org/teams/events/Eventteam/?TeamId=40cdDCR%2b2Tnt9%2bI5iSNnFDmH28sE%2fsP6NEoZrEhb8j8%3d
75,Minnesota-Duluth,1333,College,Men,Division I,North Central,Northwoods DI,13,13,https://play.usaultimate.org/teams/events/Eventteam/?TeamId=6W27PNWq%2fp2xewwtJnNpVzfea4u1INBwRkPMQyFfSHk%3d
76,Tulane,1333,College,Men,Division I,Southeast,Gulf Coast DI,18,14,https://play.usaultimate.org/teams/events/Eventteam/?TeamId=4S0Qw%2fl748v8U6zp%2fl%2bNNesXPK5qr2hTSgU9oMwHCBk%3d
77,John Brown,1330,College,Men,Division III,South Central,Ozarks DIII,20,10,https://play.usaultimate.org/teams/events/Eventteam/?TeamId=HrUmEiNrgX5ZwjT19zzOCilFz23yNpMwWJcy4sj%2bfio%3d
78,Chicago,1318,College,Men,Division I,Great Lakes,Illinois DI,19,11,https://play.usaultimate.org/teams/events/Eventteam/?TeamId=rEwA%2bxwf0KV6d0oQ%2bkgQevedrb7DALSFxE9sXlHKH1s%3d
79,Tennessee-Chattanooga,1316,College,Men,Division I,Southeast,Southern Appalachian DI,16,16,https://play.usaultimate.org/teams/events/Eventteam/?TeamId=xXZ4swBeKQoxLOO%2b9C49KefIxIr8zuB3siw1P6ro5EU%3d
80,Tennessee,1313,College,Men,Division I,Southeast,Southern Appalachian DI,15,7,https://play.usaultimate.org/teams/events/Eventteam/?TeamId=sRR28mH6AkFwfyX1itZs7gGMYoqHBkvqIZuZJPOYvaQ%3d
81,Oklahoma State,1310,College,Men,Division I,South Central,Ozarks DI,18,15,https://play.usaultimate.org/teams/events/Eventteam/?TeamId=8%2bXkisutenHI7%2fjudmIhRA59K2t%2bPWxqVm5%2bjzQvVAw%3d
82,Bowdoin,1304,College,Men,Division III,New England,North New England DIII,20,10,https://play.usaultimate.org/teams/events/Eventteam/?TeamId=N4EBNUSqRx8nbPzF%2bMcLhWfy2s2C0J874mUFnKvQLfs%3d
83,Duke,1294,College,Men,Division I,Atlantic Coast,Carolina DI,12,11,https://play.usaultimate.org/teams/events/Eventteam/?TeamId=KCnRCQwhii0AKbVdtUS33aBeNwM9r6S%2bXepLUcrBzRA%3d
84,Penn State,1292,College,Men,Division I,Ohio Valley,West Penn DI,15,21,https://play.usaultimate.org/teams/events/Eventteam/?TeamId=aLU35FAivVTYQwX8qeruYYcDh8V7b%2bVam7xBPMrAaTc%3d
85,Alabama,1290,College,Men,Division I,Southeast,Gulf Coast DI,22,13,https://play.usaultimate.org/teams/events/Eventteam/?TeamId=hcYTN2Jv%2fhgh84qlI8uGNqo0C65R0A8TEpkthy3wOqE%3d
86,Alabama-Huntsville,1289,College,Men,Division I,Southeast,Gulf Coast DI,19,14,https://play.usaultimate.org/teams/events/Eventteam/?TeamId=AesntFqLhBWyZE%2bSutOdAJe9ZeaoOZ7pUS%2fp%2b%2ffST9Q%3d
87,Delaware,1286,College,Men,Division I,Atlantic Coast,Colonial DI,14,11,https://play.usaultimate.org/teams/events/Eventteam/?TeamId=y3d0XJbR5PT%2fC3JxmENnRBKwMpShwAPG%2bYBtKl80iiQ%3d
88,Michigan State,1282,College,Men,Division I,Great Lakes,Michigan DI,13,9,https://play.usaultimate.org/teams/events/Eventteam/?TeamId=%2fZFAYn358xlQwkOowdv7%2bHuISWvK4%2fFuZA0acg4ewGQ%3d
89,Lehigh,1280,College,Men,Division I,Ohio Valley,East Penn DI,15,12,https://play.usaultimate.org/teams/events/Eventteam/?TeamId=i1kE84jb8%2fKB%2b4TsQkO6snTovSsX3BeIKiL7a1MrTYQ%3d
90,Purdue,1280,College,Men,Division I,Great Lakes,East Plains DI,18,10,https://play.usaultimate.org/teams/events/Eventteam/?TeamId=T34wSEMT7N7kmXGAPC5XCHCkWJeH53D%2fBlLgtZvrDOY%3d
91,Las Positas,1274,College,Men,Division I,Southwest,NorCal DI,17,7,https://play.usaultimate.org/teams/events/Eventteam/?TeamId=KKJKB1jGsGYRUhzyyNTTm%2frroZQas7YvEmDPhusDayM%3d
92,Rutgers,1274,College,Men,Division I,Metro East,Metro NY DI,20,5,https://play.usaultimate.org/teams/events/Eventteam/?TeamId=%2fKVKRQdt%2bAqvo4TYMjzwkj%2blni8scg%2fvIjDFCqtsNPs%3d
93,Appalachian State,1273,College,Men,Division I,Atlantic Coast,Carolina DI,5,7,https://play.usaultimate.org/teams/events/Eventteam/?TeamId=aBudldoYciQtaOVqsANol%2b4cSGO%2bGLqsw3izC2X%2fis8%3d
94,Bates,1273,College,Men,Division III,New England,North New England DIII,19,13,https://play.usaultimate.org/teams/events/Eventteam/?TeamId=uY8w2%2fNTFedP4e2u9gaeEzftUmnKDai4U9NOOvTTR8I%3d
95,Cincinnati,1254,College,Men,Division I,Ohio Valley,Ohio DI,15,20,https://play.usaultimate.org/teams/events/Eventteam/?TeamId=P04yljRlBsgPhhtF8rmq0IGmC5JLDKbmnRBetEdq%2fys%3d
96,California-Santa Barbara,1253,College,Men,Division I,Southwest,SoCal DI,17,22,https://play.usaultimate.org/teams/events/Eventteam/?TeamId=3qvgp7kS%2f391aBYKqbFuCKpJVW7NKk%2bwSzyJRVX4cfA%3d
97,California-Davis,1247,College,Men,Division I,Southwest,NorCal DI,19,13,https://play.usaultimate.org/teams/events/Eventteam/?TeamId=lCAqBlBMWYPy9dgs%2bpInsJFilgXNutNd8umk3ZCaJ1g%3d
98,Whitman,1246,College,Men,Division III,Northwest,Northwest DIII,24,8,https://play.usaultimate.org/teams/events/Eventteam/?TeamId=X%2f3cYcXq296QtuxBJ2EZTxCi%2fSgayMWN9WB%2fRf99%2f3s%3d
99,Amherst,1246,College,Men,Division III,New England,South New England DIII,14,6,https://play.usaultimate.org/teams/events/Eventteam/?TeamId=3RiNiyHX3oN%2fBOcWD%2b91sHe1s4MV9eoWSsCrxKbvbX8%3d
100,Arizona,1245,College,Men,Division I,Southwest,Desert DI,17,13,https://play.usaultimate.org/teams/events/Eventteam/?TeamId=U%2f78Cu94RIoZWKQ04Bu2mzwIwB1%2fC2T0T0%2f%2bs5hOx6I%3d
101,Clemson,1244,College,Men,Division I,Atlantic Coast,Carolina DI,10,15,https://play.usaultimate.org/teams/events/Eventteam/?TeamId=4HnHnrhgGjVoaF%2bgNSUiFYB2%2bB3x6hk8XMYHFoiZHy0%3d
102,Wisconsin-Whitewater,1242,College,Men,Division I,North Central,Lake Superior DI,18,8,https://play.usaultimate.org/teams/events/Eventteam/?TeamId=OYKFFGjqutuoYPFqBi0BUvPwtTQi2JpH0YqaZ%2f8LlNc%3d
103,Georgia College,1237,College,Men,Division III,Southeast,Eastern Southeast DIII,19,6,https://play.usaultimate.org/teams/events/Eventteam/?TeamId=cD5sXeKmzFSRCnjPM%2b15GVyYJJEiK3heO6qvxJvXatY%3d
104,Missouri S&T,1236,College,Men,Division III,South Central,Ozarks DIII,23,9,https://play.usaultimate.org/teams/events/Eventteam/?TeamId=Dd3uP0C1y4RrXD6Ueo4K8kzYgP5QhPcrliiM8NgZUaQ%3d
105,Texas Tech,1233,College,Men,Division I,South Central,North Texas DI,11,13,https://play.usaultimate.org/teams/events/Eventteam/?TeamId=%2fllGY4z8SEq3TMf70Ks%2f0%2bWq9qwUQ4KulOJgAvJSVbo%3d
106,Baylor,1223,College,Men,Division I,South Central,North Texas DI,13,12,https://play.usaultimate.org/teams/events/Eventteam/?TeamId=%2fhMdYtBiYzyqxRI118DU7WB1AVvTFdlH%2brOKM9ifkdI%3d
107,Kentucky,1213,College,Men,Division I,Great Lakes,East Plains DI,17,11,https://play.usaultimate.org/teams/events/Eventteam/?TeamId=StDLJ4WNNKbOuEFa2GQJvORU3CJOcPSz9cSUOrOJ0gI%3d
108,East Carolina,1213,College,Men,Division I,Atlantic Coast,Carolina DI,13,11,https://play.usaultimate.org/teams/events/Eventteam/?TeamId=HpplQReRlsE18NDzYK86xhLz2CiG0k0m28JfCFLkfzs%3d
109,Mississippi State,1212,College,Men,Division I,Southeast,Gulf Coast DI,20,14,https://play.usaultimate.org/teams/events/Eventteam/?TeamId=7RPdZgW5HeH3eUw3IM1VANcfb9ZR01GFn3%2b4rBXugTI%3d
110,Pennsylvania,1210,College,Men,Division I,Ohio Valley,East Penn DI,18,12,https://play.usaultimate.org/teams/events/Eventteam/?TeamId=NglNlAdvU68Kq%2f4JlMiG8kpYfOzJuthAvz2iBH05YBI%3d
111,Portland,1201,College,Men,Division III,Northwest,Northwest DIII,14,3,https://play.usaultimate.org/teams/events/Eventteam/?TeamId=UbpY9gNyXh1d%2fetNYIl4BULDkrNZfe4h5QZiDgu%2b2PQ%3d
112,Wesleyan,1196,College,Men,Division III,Metro East,Hudson Valley DIII,19,6,https://play.usaultimate.org/teams/events/Eventteam/?TeamId=S2LmT8NzdWIBLm5ozYxQCIFaDNTi31IGl58o%2fajhuZk%3d
113,Nebraska,1190,College,Men,Division I,North Central,West Plains DI,16,15,https://play.usaultimate.org/teams/events/Eventteam/?TeamId=%2bk0tMKE8il9hZwyoa8biDVtCyr4b53PR88H92WxklCk%3d
114,Gonzaga,1190,College,Men,Division I,Northwest,Big Sky DI,6,7,https://play.usaultimate.org/teams/events/Eventteam/?TeamId=0fHHFfm%2fOEGaGw9Fpe%2fy1SsHcm0159Rih5Zc4U6MO08%3d
115,Williams,1189,College,Men,Division III,New England,South New England DIII,19,15,https://play.usaultimate.org/teams/events/Eventteam/?TeamId=EwKQBntUVknbbL5V6QUGFjUchD96QEIM4wry0bIs1R0%3d
116,SUNY-Stony Brook,1187,College,Men,Division I,Metro East,Metro NY DI,14,6,https://play.usaultimate.org/teams/events/Eventteam/?TeamId=7l2eHuRwCoxuBQ33aE2WsJOsDXQgKnZHzmjoNRyOCZk%3d
117,Northern Arizona,1182,College,Men,Division I,Southwest,Desert DI,11,11,https://play.usaultimate.org/teams/events/Eventteam/?TeamId=TZb9fyHmEyT4Lr6A7eYVpM%2fet1bBngtwMDJzI7EhRrI%3d
118,Case Western Reserve,1182,College,Men,Division I,Ohio Valley,Ohio DI,16,20,https://play.usaultimate.org/teams/events/Eventteam/?TeamId=u4tLY5v6MYyGA5ulVCphI2qwJDSKKR374ath35Kd1KM%3d
119,North Texas,1181,College,Men,Division I,South Central,North Texas DI,20,13,https://play.usaultimate.org/teams/events/Eventteam/?TeamId=mAzGHFtKHcCfjSy2Ep3Q56XAPJeEGMmn%2btS%2byUjiFEI%3d
120,RIT,1175,College,Men,Division I,Metro East,Western NY DI,15,8,https://play.usaultimate.org/teams/events/Eventteam/?TeamId=he3JKFJN8lXouiI7pJCwOpmUkv6%2bYRXAZEvDvjkQfDI%3d
121,Luther,1172,College,Men,Division III,North Central,West Plains DIII,20,12,https://play.usaultimate.org/teams/events/Eventteam/?TeamId=VxcpV%2fl0FzSAFdBkHz6uI%2fXSQdNW%2f0QvdfHkImpn1fc%3d
122,Elon,1162,College,Men,Division III,Atlantic Coast,Carolina DIII,15,9,https://play.usaultimate.org/teams/events/Eventteam/?TeamId=R7J2epQheUacJYil1sS5f6IJyeNbPK%2fVUY76Pp%2bfows%3d
123,Michigan Tech,1145,College,Men,Division III,North Central,Lake Superior DIII,12,3,https://play.usaultimate.org/teams/events/Eventteam/?TeamId=57WpQNLX6Vetv4gRcM%2fjld%2b0ELqSfH%2f53JLr3JDMCUQ%3d
124,Minnesota B,1131,College,Men,Developmental,North Central,Northwoods DI,13,6,https://play.usaultimate.org/teams/events/Eventteam/?TeamId=FPzJkJ%2byuPe9%2frOXJKSQAX3o066IIKaSGmXT251MZb0%3d
125,North Park,1131,College,Men,Division III,Great Lakes,Illinois DIII,18,7,https://play.usaultimate.org/teams/events/Eventteam/?TeamId=M%2bxxPFI5WJFu%2beWk29FU2wkXiOU2J7D%2fadvI%2feNieSs%3d
126,Davidson,1124,College,Men,Division III,Atlantic Coast,Carolina DIII,16,15,https://play.usaultimate.org/teams/events/Eventteam/?TeamId=p6U7f0gn277xleiTBmOCud43lgMq9sRG5%2beZTU9pAqM%3d
127,Wisconsin-Milwaukee,1117,College,Men,Division I,North Central,Lake Superior DI,12,13,https://play.usaultimate.org/teams/events/Eventteam/?TeamId=mW%2fc4vQipcb3nVaamsM5GfVvGfw7Lm4h%2fx4iu8SQ1bE%3d
128,Oberlin,1112,College,Men,Division III,Ohio Valley,Ohio DIII,22,12,https://play.usaultimate.org/teams/events/Eventteam/?TeamId=0DWEVumWynegTy4GJCXajyT2Nj8NXNZHhk6UEzNGVj8%3d
129,Ohio,1109,College,Men,Division I,Ohio Valley,Ohio DI,10,13,https://play.usaultimate.org/teams/events/Eventteam/?TeamId=H4Gq1MuvtTaeZuN%2fzsaDOp%2buPYDSuujoIt8vMQu3ftI%3d
130,Arizona State,1109,College,Men,Division I,Southwest,Desert DI,8,18,https://play.usaultimate.org/teams/events/Eventteam/?TeamId=brnudAzgHMksedcd4yAII5xE5D2F1oFwK9mC4BBtqr0%3d
131,Indiana,1108,College,Men,Division I,Great Lakes,East Plains DI,14,18,https://play.usaultimate.org/teams/events/Eventteam/?TeamId=0A88oBYCz%2fPOlgw71G7%2fiAb6Lq9opRMQI%2fjyjFHAPzk%3d
132,Colby,1107,College,Men,Division III,New England,North New England DIII,10,11,https://play.usaultimate.org/teams/events/Eventteam/?TeamId=pyXpaYUtaDv9wC5TSjU%2fPQ78kA1uym%2fJXS4cM5l6hPQ%3d
133,Boston University,1099,College,Men,Division I,New England,Metro Boston DI,17,13,https://play.usaultimate.org/teams/events/Eventteam/?TeamId=2bWz8llp3lRto%2b1f220sM31Ia1if8AwRhCmKUHzD07I%3d
134,Saint Louis,1096,College,Men,Division I,South Central,Ozarks DI,16,16,https://play.usaultimate.org/teams/events/Eventteam/?TeamId=pN%2bud%2bbWyN7F5%2fq0kLn5FoYjbU0zZzfIgd6YKSEonJg%3d
135,Georgia B,1095,College,Men,Developmental,Southeast,Southeast Dev,12,2,https://play.usaultimate.org/teams/events/Eventteam/?TeamId=DbaSYifuBgTYh14EH%2beGRltE3ki81nv%2bj1toO4DLEi4%3d
136,San Diego State,1093,College,Men,Division I,Southwest,SoCal DI,16,15,https://play.usaultimate.org/teams/events/Eventteam/?TeamId=diFwTxeJQD93DxC7lha1YQjzyuArsRDBP%2fnOusE7mXw%3d
137,Florida Tech,1090,College,Men,Division III,Southeast,Eastern Southeast DIII,10,8,https://play.usaultimate.org/teams/events/Eventteam/?TeamId=%2bWdFFuMZrOHqpxGPyKFsAxxfEckmODB1dQS1KRjEIoc%3d
138,North Carolina B,1087,College,Men,Developmental,Atlantic Coast,Southern Atlantic Coast Dev,16,8,https://play.usaultimate.org/teams/events/Eventteam/?TeamId=fsv7xaj8V0lm%2fOOWoiBJRyz4ynqll2MKeyHToOsxcCA%3d
139,George Mason,1086,College,Men,Division I,Atlantic Coast,Virginia DI,11,23,https://play.usaultimate.org/teams/events/Eventteam/?TeamId=O37mKLscZ5Xm4QTOYkqtQZ7LTeAToWbzopovBpPaG6w%3d
140,Shippensburg,1085,College,Men,Division III,Ohio Valley,West Penn DIII,24,7,https://play.usaultimate.org/teams/events/Eventteam/?TeamId=01BQdNK01zeoy3%2f%2fh9JRXNdHnNASfqCu2lOiNx96uZU%3d
141,Grand Valley State,1081,College,Men,Division I,Great Lakes,Michigan DI,9,10,https://play.usaultimate.org/teams/events/Eventteam/?TeamId=xBNR75FJSMbSdne8N6oL0OFwiq3FUk1jtBttFcAoI9s%3d
142,MIT,1081,College,Men,Division I,New England,Metro Boston DI,16,9,https://play.usaultimate.org/teams/events/Eventteam/?TeamId=ZiYcBMJDYHdxKmMASDJnsUhr878McGoH7vhJxiKsNI8%3d
143,Brandeis,1079,College,Men,Division III,New England,Metro Boston DIII,19,13,https://play.usaultimate.org/teams/events/Eventteam/?TeamId=5jD88D1FxZQvNYoPV6YjTeK34haEkb%2fHtv5yfuduYkM%3d
144,South Florida,1076,College,Men,Division I,Southeast,Florida DI,6,16,https://play.usaultimate.org/teams/events/Eventteam/?TeamId=SmFpxSF9VkjjtpiK2Jk5TISa60TEkCIGQCOFCd7vY78%3d
145,Johns Hopkins,1073,College,Men,Division I,Atlantic Coast,Colonial DI,13,16,https://play.usaultimate.org/teams/events/Eventteam/?TeamId=kKnHljI9ABut8aSWKw0MGFSFvUBnN7Hi%2bNW7%2f6NCMGM%3d
146,North Carolina-Asheville,1073,College,Men,Division III,Atlantic Coast,Carolina DIII,13,16,https://play.usaultimate.org/teams/events/Eventteam/?TeamId=ELSz6SL7CWABbURdSq80SRm%2fEy7rAEbBJ%2f4yvvVTjIo%3d
147,Colorado School of Mines,1070,College,Men,Division III,South Central,Rocky Mountain DIII,15,14,https://play.usaultimate.org/teams/events/Eventteam/?TeamId=cYkNajr8uhFjU3t43g1V6nxHPVKCDEVVS7SP5CoxkU8%3d
148,Akron,1070,College,Men,Division I,Ohio Valley,Ohio DI,15,8,https://play.usaultimate.org/teams/events/Eventteam/?TeamId=1IN5gnZJbm%2bCHxqYYk0cn%2fC5pr9qBhKXvpTz%2fB1WaxM%3d
149,Claremont,1067,College,Men,Division III,Southwest,Southwest DIII,14,9,https://play.usaultimate.org/teams/events/Eventteam/?TeamId=qIO%2bk%2fbFXuhLXLxi1e%2byJ0xS2dRhxyl6gyYF11aUX9Y%3d
150,Nevada-Reno,1064,College,Men,Division I,Southwest,NorCal DI,24,23,https://play.usaultimate.org/teams/events/Eventteam/?TeamId=4QlpMUSBRusry1TDxZfs8eWsRMRHkaYA6yK4oGLv0oE%3d
151,Minnesota State-Mankato,1058,College,Men,Division I,North Central,Northwoods DI,5,10,https://play.usaultimate.org/teams/events/Eventteam/?TeamId=BjDIRWsD%2b%2fnbyfrF4miw6zyeUpqqQ3mONJ%2bYLMQdSQc%3d
152,Colorado State B,1057,College,Men,Developmental,South Central,Rocky Mountain DI,18,12,https://play.usaultimate.org/teams/events/Eventteam/?TeamId=na4rlpoyUUobT4aoqKL%2bfikA%2fqIN5qeTAe9%2fWw2lLYk%3d
153,Puget Sound,1050,College,Men,Division III,Northwest,Northwest DIII,19,12,https://play.usaultimate.org/teams/events/Eventteam/?TeamId=VNne39AlxprmkXGTiVb5x2Oa1lr1umiNfh%2fudZH3iaI%3d
154,Missouri State,1046,College,Men,Division I,South Central,Ozarks DI,10,6,https://play.usaultimate.org/teams/events/Eventteam/?TeamId=iaMo%2fcBqK90gea4JMJsow1oWjnWZPtVef4n6MWWeA1A%3d
155,Colorado-Denver,1042,College,Men,Division I,South Central,Rocky Mountain DI,13,9,https://play.usaultimate.org/teams/events/Eventteam/?TeamId=1EQUhH3syDXbbcoGvbp1%2f%2fNZujVBWoXH8%2fiQOUKsvbA%3d
156,Lamar,1041,College,Men,Division I,South Central,South Texas DI,3,4,https://play.usaultimate.org/teams/events/Eventteam/?TeamId=RbGZ%2f140Vd0N2yjbPK%2bdMl5t8LpL1CE6jH1GENrZQwU%3d
157,Rensselaer Polytech,1037,College,Men,Division III,Metro East,Hudson Valley DIII,16,15,https://play.usaultimate.org/teams/events/Eventteam/?TeamId=gqG7YW%2b1t%2bjtvP63TgtJYHW0uEaqQoj%2fs4nBRPaIipU%3d
158,Occidental,1034,College,Men,Division III,Southwest,Southwest DIII,16,12,https://play.usaultimate.org/teams/events/Eventteam/?TeamId=xF9h1DpsYZeMYGsLy41D90FOkWZcqdgXtUCGC5sMINY%3d
159,Montana,1032,College,Men,Division I,Northwest,Big Sky DI,9,11,https://play.usaultimate.org/teams/events/Eventteam/?TeamId=7cpzhzK3w1VYS9gqoTvApqB%2bUqktQ2xs7zu2olTKUeU%3d
160,Colorado B,1032,College,Men,Division I,South Central,Rocky Mountain DI,13,12,https://play.usaultimate.org/teams/events/Eventteam/?TeamId=mJdGhsfV1hwbi8J64u40YIyobvW48SYGPqXDuYU1oiw%3d
161,Franciscan,1025,College,Men,Division III,Ohio Valley,Ohio DIII,16,6,https://play.usaultimate.org/teams/events/Eventteam/?TeamId=o8bxm%2f76JMBbeB8t%2bl6ZnqrtyVTVcBajL%2fcP2ka6Hw0%3d
162,Pacific Lutheran,1021,College,Men,Division III,Northwest,Northwest DIII,10,6,https://play.usaultimate.org/teams/events/Eventteam/?TeamId=r6cofIRQryAVRywmK3l3ijqRRqLYx31hn%2fkbSwLqqjg%3d
163,Mississippi,1018,College,Men,Division I,Southeast,Gulf Coast DI,12,12,https://play.usaultimate.org/teams/events/Eventteam/?TeamId=oZSxj7BEgLdqpIQ2rHkYDUsOLvqqyehPjZDTPGzzooA%3d
164,Rice,1016,College,Men,Division III,South Central,Texas DIII,14,17,https://play.usaultimate.org/teams/events/Eventteam/?TeamId=VMsW23hu0yMFb54i%2bdaDiSY8nrQSaTtFG6sI6pCPcEI%3d
165,Xavier,1015,College,Men,Division III,Ohio Valley,Ohio DIII,19,11,https://play.usaultimate.org/teams/events/Eventteam/?TeamId=agHDETOOTKI62BjOI2Gr2PF5HP8kWrO%2bZd13oDpx%2brQ%3d
166,Houston,1009,College,Men,Division I,South Central,South Texas DI,3,4,https://play.usaultimate.org/teams/events/Eventteam/?TeamId=rMX%2fFLkCQiBozB21XjMC8Y%2fnY1CoFfGUh6R1Jqh9BUE%3d
167,Texas-San Antonio,1007,College,Men,Division I,South Central,South Texas DI,6,8,https://play.usaultimate.org/teams/events/Eventteam/?TeamId=gxaDKsR%2fdKAoIHQ%2bTUUzdI4T0dtFiLycnPsiLnVK4OA%3d
168,SUNY-Binghamton,1007,College,Men,Division I,Metro East,Western NY DI,12,16,https://play.usaultimate.org/teams/events/Eventteam/?TeamId=NasuUl%2fZ8i6Rth0z6h63p1BgpvsSHPA5G%2fRQNo1oiWU%3d
169,Michigan B,1006,College,Men,Developmental,Great Lakes,Great Lakes Dev,16,2,https://play.usaultimate.org/teams/events/Eventteam/?TeamId=%2bB060AlOc8XJr6JIQ3wObMNJ7u8XBx7L4RntEIVUGA0%3d
170,Virginia Commonwealth,1005,College,Men,Division I,Atlantic Coast,Virginia DI,4,16,https://play.usaultimate.org/teams/events/Eventteam/?TeamId=ACKeAwXxhsmnJVbdIAi0TY7qiMBdh2yibycvN6hgM1M%3d
171,NYU,1003,College,Men,Division I,Metro East,Metro NY DI,11,11,https://play.usaultimate.org/teams/events/Eventteam/?TeamId=Bc%2bPIcsBYQpqlAM8YqgWSSCvIEznvnv72RweU0Vcd7o%3d
172,Vanderbilt,1000,College,Men,Division I,Southeast,Gulf Coast DI,11,16,https://play.usaultimate.org/teams/events/Eventteam/?TeamId=yk2Y8V2ugDVp%2b8dWO9YGIqG%2fcvUCQsnS%2fPNHeUW63cQ%3d
173,Colorado College,998,College,Men,Division III,South Central,Rocky Mountain DIII,12,9,https://play.usaultimate.org/teams/events/Eventteam/?TeamId=QEkW3V9Cwzzr8x2H39sLn%2bv9I5QcSQ0P0rpmc5sWxf4%3d
174,Wisconsin- La Crosse,996,College,Men,Division I,North Central,Lake Superior DI,6,9,https://play.usaultimate.org/teams/events/Eventteam/?TeamId=yK4i61OUIYmSWTMHPlp6vINuT2rfGaBfTOdISGSufRI%3d
175,Hamilton,991,College,Men,Division III,Metro East,Western NY DIII,12,3,https://play.usaultimate.org/teams/events/Eventteam/?TeamId=PqyT1yl%2f1TZuti1OYfv4iP%2fBTZdFvXo1fgv%2fIT8CixQ%3d
176,Oklahoma,989,College,Men,Division I,South Central,Ozarks DI,9,17,https://play.usaultimate.org/teams/events/Eventteam/?TeamId=XwUWH269evyUw%2ftKQ1nAT5XD0Q59UMXnlTsW72yauZY%3d
177,California-San Diego,985,College,Men,Division I,Southwest,SoCal DI,7,19,https://play.usaultimate.org/teams/events/Eventteam/?TeamId=%2fOjBNFz1k8Un4ysONNsklC%2fyyK1H4l3Epeb4U0eDtU0%3d
178,Wheaton (Illinois),985,College,Men,Division III,Great Lakes,Illinois DIII,14,2,https://play.usaultimate.org/teams/events/Eventteam/?TeamId=LVtCQw5ajZ%2bIzfr68leK%2frhpI%2faNiTEltMjm%2fb%2bnOjg%3d
179,Dayton,982,College,Men,Division I,Ohio Valley,Ohio DI,13,9,https://play.usaultimate.org/teams/events/Eventteam/?TeamId=MDjKtgxaJVKZLxfaloClehMw%2fqYonbJ4IWUsxat%2fXP8%3d
180,Army,981,College,Men,Division III,Metro East,Hudson Valley DIII,10,4,https://play.usaultimate.org/teams/events/Eventteam/?TeamId=QeUyIq9ZBhtpoKrbxkU3TYXXiiRyKTvuWetbbcLesQA%3d
181,Drexel,981,College,Men,Division I,Ohio Valley,East Penn DI,9,12,https://play.usaultimate.org/teams/events/Eventteam/?TeamId=GjFU3Pk3BreBtsU2w9zXHfZew5bc2OY3Yhr7c0IMahA%3d
182,California-Santa Cruz,978,College,Men,Division I,Southwest,NorCal DI,10,13,https://play.usaultimate.org/teams/events/Eventteam/?TeamId=cTBc%2fcN84YY8NaclWY0WKaAlgi30R6lUoz0MUG%2flw4o%3d
183,Boston College,977,College,Men,Division I,New England,Metro Boston DI,11,14,https://play.usaultimate.org/teams/events/Eventteam/?TeamId=hv%2bVH%2fA4bMi2lwA0ouiOKkpM7EW2aJtWFltC1XQuDA4%3d
184,Columbia,975,College,Men,Division I,Metro East,Metro NY DI,10,5,https://play.usaultimate.org/teams/events/Eventteam/?TeamId=py7eQzb%2bKnYFpNuli%2bfIL7dhe0cz%2fF6N8lIdyMAZdeU%3d
185,Liberty,971,College,Men,Division I,Atlantic Coast,Virginia DI,12,17,https://play.usaultimate.org/teams/events/Eventteam/?TeamId=gMOzAdWvOFu7ZlZwT4zNtjg5O8JvtH6rG8Ks2fTJK8E%3d
186,Haverford,968,College,Men,Division III,Ohio Valley,East Penn DIII,13,11,https://play.usaultimate.org/teams/events/Eventteam/?TeamId=MdUAzhaoW61T%2fmBMJmfojdgFduMNzoDYuzRINylKk6o%3d
187,Cal Poly-Pomona,964,College,Men,Division I,Southwest,SoCal DI,11,16,https://play.usaultimate.org/teams/events/Eventteam/?TeamId=QtrW4B4k%2f%2bLEZHRKq%2bO6RjtCtjARS6%2biK6YI9N88NYU%3d
188,Pittsburgh B,956,College,Men,Developmental,Ohio Valley,Ohio Valley Dev,14,10,https://play.usaultimate.org/teams/events/Eventteam/?TeamId=kvqT3OAplE9EvGhG%2f5MBKkjpxyzEjrPkZ8ybBt%2fcyI8%3d
189,Princeton,950,College,Men,Division I,Metro East,Metro NY DI,8,8,https://play.usaultimate.org/teams/events/Eventteam/?TeamId=I34iMH7zY9gtG9W9SZeioqpFJ8I2dmUgdCsIuae5vv4%3d
190,Chico State,946,College,Men,Division I,Southwest,NorCal DI,15,13,https://play.usaultimate.org/teams/events/Eventteam/?TeamId=Xj9nl4nlBBtlScgwCpbeWWQQKiS9a%2f33t2lXJOd4Seo%3d
191,St Olaf,944,College,Men,Division III,North Central,Northwoods DIII,17,6,https://play.usaultimate.org/teams/events/Eventteam/?TeamId=ZRMI9cCp4Kh36rnvy3MXRGiqkAS7IjCekApwYMZdI%2fE%3d
192,SUNY-Geneseo,943,College,Men,Division III,Metro East,Western NY DIII,11,13,https://play.usaultimate.org/teams/events/Eventteam/?TeamId=YOVmyeqX%2b8%2fdzBvzQrG0TdBBHF4bYS2Xc%2bl6IF1Xqgw%3d
193,Kansas State,927,College,Men,Division I,South Central,Ozarks DI,13,12,https://play.usaultimate.org/teams/events/Eventteam/?TeamId=sJfLNzJ4flaZgNkyxNy5Txl8DbpjpGaupWYVo3cjYjI%3d
194,George Washington,919,College,Men,Division I,Atlantic Coast,Colonial DI,8,18,https://play.usaultimate.org/teams/events/Eventteam/?TeamId=1fyp%2fDYtUd4%2f44ehROolYO%2fCkKikL8Z7r9ifRX7%2fJJ4%3d
195,Wisconsin-Eau Claire,919,College,Men,Division I,North Central,Lake Superior DI,16,16,https://play.usaultimate.org/teams/events/Eventteam/?TeamId=ouaM6IanfycFsQy2Rr6USAfkq%2fmtq%2bMOUM3TE%2b2SNI8%3d
196,Western Washington B,910,College,Men,Developmental,Northwest,Cascadia DI,3,3,https://play.usaultimate.org/teams/events/Eventteam/?TeamId=J9UKjiSnrYvZaRgkJymzqv0Ms3cb02odeTmGeaQcviA%3d
197,Georgia State,905,College,Men,Division I,Southeast,Southern Appalachian DI,7,9,https://play.usaultimate.org/teams/events/Eventteam/?TeamId=85V9AVcqndl%2fB1ok41X9Misvfo9ZfYy3aZxh13IubZA%3d
198,SUNY-Buffalo,900,College,Men,Division I,Metro East,Western NY DI,7,13,https://play.usaultimate.org/teams/events/Eventteam/?TeamId=0q%2beHh88a4VOkfCkKOOdy5iRUG9VK1cNG%2b4fMCw0Oj0%3d
199,Wisconsin B,895,College,Men,Developmental,North Central,Lake Superior DI,10,8,https://play.usaultimate.org/teams/events/Eventteam/?TeamId=wi8o9V3O5SEEK06onFDDJ5DGDXG1haUOcXDuJM5hhMc%3d
200,Colgate,894,College,Men,Division III,Metro East,Western NY DIII,13,5,https://play.usaultimate.org/teams/events/Eventteam/?TeamId=LE3X6FYGX%2fMuvgIUyd4DtIkPBY%2b6z9jL77cnHdvGdbg%3d
201,Florida B,894,College,Men,Developmental,Southeast,Southeast Dev,18,7,https://play.usaultimate.org/teams/events/Eventteam/?TeamId=tZJ%2fQIn67v6SwL5FKlk4h%2byANxp%2fuFRQQEH9Btn5WAo%3d
202,St John's,879,College,Men,Division III,North Central,Northwoods DIII,6,9,https://play.usaultimate.org/teams/events/Eventteam/?TeamId=TSOpNYxNhbrQIJbbD5N9242j7bCWRqLgehTiA3Td084%3d
203,Florida State B,875,College,Men,Developmental,Southeast,Southeast Dev,14,4,https://play.usaultimate.org/teams/events/Eventteam/?TeamId=k0CCveEEUAimw9AsWTWrOXJPc1imc9AiBZtjT1a88oU%3d
204,Georgia Southern,873,College,Men,Division I,Southeast,Southern Appalachian DI,7,22,https://play.usaultimate.org/teams/events/Eventteam/?TeamId=cuHdSkJSbR4gT8b6305T26b5xnE2qM2JiyQhftw2Fss%3d
205,Cedarville,872,College,Men,Division III,Ohio Valley,Ohio DIII,11,9,https://play.usaultimate.org/teams/events/Eventteam/?TeamId=CQFxa1ocVO4XiSrjt7c%2fJVeXyHLVh2ywtv%2fpOfDaKmE%3d
206,North Florida,864,College,Men,Division I,Southeast,Florida DI,2,5,https://play.usaultimate.org/teams/events/Eventteam/?TeamId=5b2ZzgfIhY%2bW7eBmNPfxcOwks%2fmstIPdnTMF4YCskSw%3d
207,Lewis & Clark,864,College,Men,Division III,Northwest,Northwest DIII,9,17,https://play.usaultimate.org/teams/events/Eventteam/?TeamId=aEaTUNSHTrE5nUO%2fvnWLxIyhTB6iGzcOwX7Q5GuDI%2b0%3d
208,Massachusetts C,862,College,Men,Developmental,New England,South New England Dev,8,8,https://play.usaultimate.org/teams/events/Eventteam/?TeamId=sr%2bC%2fr0zwiM8gahdy7dlLJvRI9%2bdo5dmmmUU%2bYpaYCE%3d
209,Syracuse,852,College,Men,Division I,Metro East,Western NY DI,5,17,https://play.usaultimate.org/teams/events/Eventteam/?TeamId=0ZWICl03%2f%2f%2fqkBKEDjrzWVbAZ2559%2bZpOW3UzPGB%2fVA%3d
210,Grove City,851,College,Men,Division III,Ohio Valley,West Penn DIII,11,7,https://play.usaultimate.org/teams/events/Eventteam/?TeamId=wIVDXbjN2BI%2fkVP6W7h11uH7KlDwKoIsHaDmKX%2bft5w%3d
211,Samford,849,College,Men,Division III,Southeast,Western Southeast DIII,12,9,https://play.usaultimate.org/teams/events/Eventteam/?TeamId=qSRLpsfLln5%2fux%2bmFhk%2fnoxwZQn%2bG41VV6bx3DXuUcI%3d
212,Denver,840,College,Men,Division I,South Central,Rocky Mountain DI,10,11,https://play.usaultimate.org/teams/events/Eventteam/?TeamId=5HPWf2j8QUlp3PfpPpebaEay3Phj%2bwEYHicX89Wm%2bcQ%3d
213,Sonoma State,839,College,Men,Division I,Southwest,NorCal DI,11,14,https://play.usaultimate.org/teams/events/Eventteam/?TeamId=nItSK%2b3oH6ZQs1FMNBt8nVy46noQaoH3EZO9g4FcJdw%3d
214,Truman State,838,College,Men,Division III,South Central,Ozarks DIII,10,11,https://play.usaultimate.org/teams/events/Eventteam/?TeamId=jTiXPW%2fV5E2DOaNNlwrdQvuFh64EXl3WNiWTQanILA4%3d
215,Humboldt State,838,College,Men,Division I,Southwest,NorCal DI,9,10,https://play.usaultimate.org/teams/events/Eventteam/?TeamId=S%2fXbmMQg84ntRjA5fK11MBEu9ZmLjb%2bxrOLo4SNZ0jA%3d
216,New Hampshire,835,College,Men,Division I,New England,North New England DI,11,11,https://play.usaultimate.org/teams/events/Eventteam/?TeamId=j%2fPhJaVa8z91qENgCFAB5advmL%2f79m%2fhdbAiiyB5ebc%3d
217,West Chester,831,College,Men,Division I,Ohio Valley,East Penn DI,9,8,https://play.usaultimate.org/teams/events/Eventteam/?TeamId=OV1eXGFBOXdoOU3TX9vdajHqb6c3SBZjtWy7srbR284%3d
218,Alabama-Birmingham,828,College,Men,Division I,Southeast,Gulf Coast DI,7,12,https://play.usaultimate.org/teams/events/Eventteam/?TeamId=JVQyuY9kQ0Ossrvn8tYgZ63V5YVf1E%2ffIYqaYEi7VJ8%3d
219,Rochester,827,College,Men,Division I,Metro East,Western NY DI,7,11,https://play.usaultimate.org/teams/events/Eventteam/?TeamId=jHq9AMnwA6116a7rZywIhzoyLSkmWNDZLCASe6LDdZs%3d
220,Texas A&M B,826,College,Men,Developmental,South Central,South Texas DI,11,8,https://play.usaultimate.org/teams/events/Eventteam/?TeamId=y2kr35fyutLd4Fw7cRNDuI41FM4jAz1PRRBJir%2ff3RE%3d
221,Stevens Tech,820,College,Men,Division III,Metro East,Metro NY DIII,10,7,https://play.usaultimate.org/teams/events/Eventteam/?TeamId=RUUp3mU4pYjd92bvmQvbUg0GuSt9PsStAVrQleA%2bqj8%3d
222,Stephen F Austin,813,College,Men,Division I,South Central,North Texas DI,17,13,https://play.usaultimate.org/teams/events/Eventteam/?TeamId=c5mR9tPeziIfTjuoDfeL4%2b%2f3whhsIXHm8SVH6UJzufc%3d
223,Jefferson,812,College,Men,Division III,Ohio Valley,East Penn DIII,18,6,https://play.usaultimate.org/teams/events/Eventteam/?TeamId=xmFRYHu%2f3ZJR606%2b9KIQxGWK8S444hgNvsuJ%2biu0Ptc%3d
224,Swarthmore,812,College,Men,Division III,Ohio Valley,East Penn DIII,9,15,https://play.usaultimate.org/teams/events/Eventteam/?TeamId=16Sc8chIKn%2bHDurIxxQ5bd1jB1VYBPZeng5vFX6f0UU%3d
225,Ball State,809,College,Men,Division I,Great Lakes,East Plains DI,6,15,https://play.usaultimate.org/teams/events/Eventteam/?TeamId=RbMt7b%2bJKccu5h7Biyd7VvBwvFzNLFJ0dbLtmBymjeM%3d
226,California B,804,College,Men,Developmental,Southwest,Southwest Dev,11,8,https://play.usaultimate.org/teams/events/Eventteam/?TeamId=%2bd3SkYixJU1T3eYtqabzFbnBYBpn3IiPtaLgBQ5Zyes%3d
227,Hartford,800,College,Men,Division III,Metro East,Hudson Valley DIII,7,6,https://play.usaultimate.org/teams/events/Eventteam/?TeamId=Ys5uT6oTNjtU3c0qYZbYalrGT3AL5tWCJgcBz1fJ%2f58%3d
228,Massachusetts- Dartmouth,798,College,Men,Division I,New England,Metro Boston DI,3,7,https://play.usaultimate.org/teams/events/Eventteam/?TeamId=%2by4roPr2AEkcIKb0ESvnYsUCNGHLWTUkWrBnIhplZ0I%3d
229,Boise State,794,College,Men,Division I,Northwest,Big Sky DI,7,13,https://play.usaultimate.org/teams/events/Eventteam/?TeamId=i3lPjR6NDydyF1bFzgFY4%2blw5oNacwmAtQeIfliArTY%3d
230,Texas Christian,792,College,Men,Division I,South Central,North Texas DI,12,10,https://play.usaultimate.org/teams/events/Eventteam/?TeamId=ol1KzqJVw4o9U0LruyIygjlhdU%2f%2fsi4nHcoPuz743DI%3d
231,Harding,790,College,Men,Division III,South Central,Ozarks DIII,7,13,https://play.usaultimate.org/teams/events/Eventteam/?TeamId=XjTibd%2bfYCsMR9D2aQ8XgIhqXndmKh90PBN4%2bSEMRsw%3d
232,High Point,790,College,Men,Division III,Atlantic Coast,Carolina DIII,14,14,https://play.usaultimate.org/teams/events/Eventteam/?TeamId=SaYd3NipH9mKo7gmFG7c8%2b5QMvaT0GTVw1tzdxu0r5o%3d
233,Northern Illinois,789,College,Men,Division I,Great Lakes,Illinois DI,8,14,https://play.usaultimate.org/teams/events/Eventteam/?TeamId=Gz1OWlyIDEVk%2bmmHuCtcppZfqtK7LmsJ49g6gAxTLSE%3d
234,Brigham Young B,789,College,Men,Developmental,Northwest,Big Sky DI,5,6,https://play.usaultimate.org/teams/events/Eventteam/?TeamId=g1LOdHUWi5dh5gccptBNnH1rri7wnHg2BMcySaYEMVU%3d
235,Rowan,786,College,Men,Division I,Metro East,Metro NY DI,6,15,https://play.usaultimate.org/teams/events/Eventteam/?TeamId=%2fP3pydUeBQFRalvteJ5dY4oJPTGLuXJkUcw%2fKtPOLDo%3d
236,Maryland-Baltimore County,783,College,Men,Division I,Atlantic Coast,Colonial DI,9,16,https://play.usaultimate.org/teams/events/Eventteam/?TeamId=ajQhTG%2fo%2frkrkLj2l29UbfhFhp%2fda8Qc5v0tqbsOzqs%3d
237,Knox,777,College,Men,Division III,Great Lakes,Illinois DIII,13,10,https://play.usaultimate.org/teams/events/Eventteam/?TeamId=5VQQdiwkWwOlgJE1idb%2fZwngJ70r0lKdZBG1a6U2XfU%3d
238,Utah State,777,College,Men,Division I,Northwest,Big Sky DI,4,13,https://play.usaultimate.org/teams/events/Eventteam/?TeamId=D0FjyEKx2HDIWjiQJ8%2b9WYbCFX8JY8SsOHqdMXEQaX4%3d
239,West Virginia,772,College,Men,Division I,Ohio Valley,West Penn DI,11,7,https://play.usaultimate.org/teams/events/Eventteam/?TeamId=ItWaNeYgm5sAy8ZZJK45rs0YR4jWHiv7KA0Uh22zDd0%3d
240,SUNY-Albany,767,College,Men,Division I,Metro East,Hudson Valley DI,4,6,https://play.usaultimate.org/teams/events/Eventteam/?TeamId=LJzbaHKg2rY4c8jBSCa78fdK02j0L6IldlfAZLjdw38%3d
241,Marist,764,College,Men,Division III,Metro East,Hudson Valley DIII,6,7,https://play.usaultimate.org/teams/events/Eventteam/?TeamId=slZbXhwyAEu9%2fu0ooABGda4elatKgNVoC%2b2mhvpWEf0%3d
242,Montana State,762,College,Men,Division I,Northwest,Big Sky DI,4,11,https://play.usaultimate.org/teams/events/Eventteam/?TeamId=%2fuiYxmjcUGwf%2bV8WxLl5MuRne%2bdNbMDqFemRB%2bDB21E%3d
243,Utah Valley,761,College,Men,Division I,Northwest,Big Sky DI,5,11,https://play.usaultimate.org/teams/events/Eventteam/?TeamId=YchZtu2bOk4J2rBuGneOvVX9yHTyujQ6QiViLxTjkIU%3d
244,Winona State,761,College,Men,Division III,North Central,Northwoods DIII,12,14,https://play.usaultimate.org/teams/events/Eventteam/?TeamId=0Rz%2bFBBchoT8ggGzC%2fTPN5n5%2b637%2bcUFW6AmFxLywqw%3d
245,Worcester Polytech,752,College,Men,Division III,New England,South New England DIII,4,9,https://play.usaultimate.org/teams/events/Eventteam/?TeamId=RH3hn%2bu6a5hSYrJ%2f7noc9nsfXd8UIqGAgrb3mxrq3wc%3d
246,Saint Joseph's,749,College,Men,Division I,Ohio Valley,East Penn DI,1,5,https://play.usaultimate.org/teams/events/Eventteam/?TeamId=5LUUKnt5tELAhIXU21RPNAEUrCiHpNhqIqQ%2fp714HfA%3d
247,Drake,749,College,Men,Division III,North Central,West Plains DIII,14,10,https://play.usaultimate.org/teams/events/Eventteam/?TeamId=iBbTG4mE8R%2bfZPxxRmRDacFglgaEmE01xiUQCPP6zMI%3d
248,Navy,747,College,Men,Division III,Atlantic Coast,Northern Atlantic Coast DIII,9,15,https://play.usaultimate.org/teams/events/Eventteam/?TeamId=%2bfebzAixzTGkoWtL0b9pF9Y5wl%2fVdubpZEX6NageTB4%3d
249,Bentley,737,College,Men,Division III,New England,Metro Boston DIII,7,14,https://play.usaultimate.org/teams/events/Eventteam/?TeamId=KPzeHPsazBrPlauwBSdglpVy%2blev4iSP8F41nFWP89s%3d
250,Whitworth,734,College,Men,Division III,Northwest,Northwest DIII,7,9,https://play.usaultimate.org/teams/events/Eventteam/?TeamId=pixq4bei46axysbDuGspZtfEDLriH7OOnRUm%2faJU93k%3d
251,Tufts B,727,College,Men,Developmental,New England,Metro Boston Dev,6,3,https://play.usaultimate.org/teams/events/Eventteam/?TeamId=kyy9lshmMuTsQFmRkKhpnPjNhV8lr%2faGRkKOepQ1vkw%3d
252,Wake Forest,727,College,Men,Division I,Atlantic Coast,Carolina DI,6,14,https://play.usaultimate.org/teams/events/Eventteam/?TeamId=oa87Fd1JAvgSA%2flHdzknaYvNhuqEFXW1UcLZNHPIH9c%3d
253,Berry,726,College,Men,Division III,Southeast,Eastern Southeast DIII,8,10,https://play.usaultimate.org/teams/events/Eventteam/?TeamId=ZsIQqbCcvSmMxQgEfCnw4GxPjOtN45yrshwJf08G848%3d
254,New Mexico,723,College,Men,Division I,Southwest,Desert DI,2,7,https://play.usaultimate.org/teams/events/Eventteam/?TeamId=zKSPstEQ4oGiRgTm%2bBylGnGF97kF1%2baVEZPKwEBzzq8%3d
255,North Georgia,721,College,Men,Division III,Southeast,Eastern Southeast DIII,10,10,https://play.usaultimate.org/teams/events/Eventteam/?TeamId=uI73XrXT6ZrbuOOQSvk2Buw2uBw41KS2NAa90HYl9JY%3d
256,Loyola-Chicago,716,College,Men,Division I,Great Lakes,Illinois DI,12,5,https://play.usaultimate.org/teams/events/Eventteam/?TeamId=KeXj1DBlb0J4uiQY2kOynyC0YcYUG%2bzyckWLUYWJyyM%3d
257,Arizona State B,711,College,Men,Developmental,Southwest,Southwest Dev,14,10,https://play.usaultimate.org/teams/events/Eventteam/?TeamId=JZbQNrT%2bMnL9ryms7N0%2bj8f%2bb%2bx25gZXZlIq%2fj7cXKU%3d
258,Tennessee Tech,710,College,Men,Division I,Southeast,Southern Appalachian DI,2,9,https://play.usaultimate.org/teams/events/Eventteam/?TeamId=bokxsOTeoBnh9Zzxu27INKq7QMjiu6ov%2fq5MN3PvksQ%3d
259,DePaul,708,College,Men,Division I,Great Lakes,Illinois DI,10,9,https://play.usaultimate.org/teams/events/Eventteam/?TeamId=nSERJUKs51ZMYKDPDuh3vB01GH5JfEJGS9ckWq0wkj8%3d
260,Baylor B,702,College,Men,Division I,South Central,North Texas DI,4,2,https://play.usaultimate.org/teams/events/Eventteam/?TeamId=COqgxzI0aM0EY7VT9fp2pTzd7282SAc1bwZygSNdXO0%3d
261,Saint Rose,700,College,Men,Division III,Metro East,Hudson Valley DIII,6,4,https://play.usaultimate.org/teams/events/Eventteam/?TeamId=hFKkErcVKDL9NaPRmVauSjc46RN6oQ07exMwV%2bGXLKk%3d
262,Cal State-Long Beach,698,College,Men,Division I,Southwest,SoCal DI,5,7,https://play.usaultimate.org/teams/events/Eventteam/?TeamId=JPes2fOQbmyCGzN%2bd4%2bn%2fW9JXc9OAibfRDZcek9lQrM%3d
263,Arkansas State,698,College,Men,Division I,South Central,Ozarks DI,6,5,https://play.usaultimate.org/teams/events/Eventteam/?TeamId=tRJLY1%2bQJ5Iq%2bhRYSkKugyIRC3j3p9pbORKdKO3Tlds%3d
264,Miami (Ohio),697,College,Men,Division I,Ohio Valley,Ohio DI,10,7,https://play.usaultimate.org/teams/events/Eventteam/?TeamId=YXvilVZxjYjZQ%2bLF5me0gAbPX7gN2tOkBe5guIq9jFs%3d
265,Mars Hill,696,College,Men,Division III,Atlantic Coast,Carolina DIII,2,6,https://play.usaultimate.org/teams/events/Eventteam/?TeamId=ckY111KIVVlZQpur5BRsrnPeOvjjoVTXgOYFCpbPLqk%3d
266,Massachusetts B,695,College,Men,Developmental,New England,South New England Dev,8,2,https://play.usaultimate.org/teams/events/Eventteam/?TeamId=po9%2fYYL4AbEM%2bSNoGFp8pCcdDijE%2bpgAkhiFxyGs40c%3d
267,Washington State,693,College,Men,Division I,Northwest,Big Sky DI,8,11,https://play.usaultimate.org/teams/events/Eventteam/?TeamId=NqfgmwfQNdY7hDEJFdMHJtOoJNrOARTk1xGDYBmkKQs%3d
268,Union (Tennessee),693,College,Men,Division III,Southeast,Western Southeast DIII,6,10,https://play.usaultimate.org/teams/events/Eventteam/?TeamId=NwOhcCXZNxLUvYitc4G%2fo1PRxJR%2b%2fj4GD5dDD%2bL2PYY%3d
269,Catholic,691,College,Men,Division III,Atlantic Coast,Northern Atlantic Coast DIII,5,10,https://play.usaultimate.org/teams/events/Eventteam/?TeamId=yGlWyu8Iei3zZ2kAvYBZrEy4dq2BaXZxVIF7%2bSiklwk%3d
270,Wooster,685,College,Men,Division III,Ohio Valley,Ohio DIII,6,9,https://play.usaultimate.org/teams/events/Eventteam/?TeamId=pDuixrfYt1Qwhzen%2fBHgfWTYEg5m9nU9uXSzNAJu6%2f8%3d
271,Macalester,678,College,Men,Division III,North Central,Northwoods DIII,7,9,https://play.usaultimate.org/teams/events/Eventteam/?TeamId=vr8O8kMWPFb2G2bu03%2fNtJhPHxzM%2f9tQGZjjD5mDLJk%3d
272,Middle Tennessee State,672,College,Men,Division I,Southeast,Gulf Coast DI,5,12,https://play.usaultimate.org/teams/events/Eventteam/?TeamId=UEtgj%2f%2ftR%2bS61c0KEGQdSzCoTghUaRbxBHyAo48bUQM%3d
273,American,670,College,Men,Division I,Atlantic Coast,Colonial DI,8,15,https://play.usaultimate.org/teams/events/Eventteam/?TeamId=QnvyjVj%2ftWmP0P5wPqy1iZ%2b4P1JwKYJu%2fUBettsRBZI%3d
274,Connecticut College,665,College,Men,Division III,Metro East,Hudson Valley DIII,2,3,https://play.usaultimate.org/teams/events/Eventteam/?TeamId=2QveYqcipxv%2fOE%2bhAqM%2b4hdTgI5VnFIBSzE4YhVlOTk%3d
275,Charleston,661,College,Men,Division I,Atlantic Coast,Carolina DI,5,23,https://play.usaultimate.org/teams/events/Eventteam/?TeamId=rFGzTKn91AuBnfgWEJ5yCMzKeSSTImc9UrNatymG2pc%3d
276,Yale,655,College,Men,Division I,Metro East,Hudson Valley DI,4,11,https://play.usaultimate.org/teams/events/Eventteam/?TeamId=OiWNQRZ4fYo6k34am2pt0toJmTyR3inUtGkaWsQU3cA%3d
277,Tulsa,655,College,Men,Division III,South Central,Ozarks DIII,4,12,https://play.usaultimate.org/teams/events/Eventteam/?TeamId=KxaMeZArZBcjULvS%2bGdfpbj6qWWxfOU15ib0xqCs0VE%3d
278,Texas-Arlington,653,College,Men,Division I,South Central,North Texas DI,6,12,https://play.usaultimate.org/teams/events/Eventteam/?TeamId=%2fs0aQC7tZQfI1bpKRJir9fyiyXccVC1khWeh%2bFJJCp8%3d
279,Christopher Newport,650,College,Men,Division III,Atlantic Coast,Northern Atlantic Coast DIII,13,6,https://play.usaultimate.org/teams/events/Eventteam/?TeamId=NguxUL0jcENqC7srXP9ka5c4Eq8yafeHlmmgEgrBKEs%3d
280,Ohio State B,644,College,Men,Developmental,Ohio Valley,Ohio Valley Dev,5,1,https://play.usaultimate.org/teams/events/Eventteam/?TeamId=grgrvcEXRAs9YD7uq%2bvZ2Am1DDLqIYhhQJ%2b%2fzQHS53Y%3d
281,Messiah,640,College,Men,Division III,Ohio Valley,West Penn DIII,10,17,https://play.usaultimate.org/teams/events/Eventteam/?TeamId=U%2fE0hfA%2fzpWDFXBIAV8disWHGTY8mGKGqmBTWlGMUYA%3d
282,Wisconsin-Stevens Point,639,College,Men,Division I,North Central,Lake Superior DI,2,4,https://play.usaultimate.org/teams/events/Eventteam/?TeamId=OdShW5xQNuUIMZ3Pu7u7XRd3NKsbllo2ivPnjm98hF4%3d
283,Valparaiso,639,College,Men,Division III,Great Lakes,East Plains DIII,6,5,https://play.usaultimate.org/teams/events/Eventteam/?TeamId=MWmRlYFAxCPspQuiphpzk8kax9zCKT%2fxW7boDlS4qSc%3d
284,Missouri,637,College,Men,Division I,South Central,Ozarks DI,3,10,https://play.usaultimate.org/teams/events/Eventteam/?TeamId=%2f3P1kIrjHImjd0W7HHT%2fmQWJmNNzHiQvVh%2fyS8VRPDE%3d
285,Sul Ross State,635,College,Men,Division III,South Central,Texas DIII,2,3,https://play.usaultimate.org/teams/events/Eventteam/?TeamId=say2CRziA%2bkIEgA3lvngMcvghIvmx3qXyuQsTXQX2PA%3d
286,Carleton College-Hot Karls,627,College,Men,Division III,North Central,Northwoods DIII,15,15,https://play.usaultimate.org/teams/events/Eventteam/?TeamId=9myKDL5338W8qXHMeBn8YY7PsuN%2f0wW50q7sDBcwbPA%3d
287,Sacramento State,626,College,Men,Division I,Southwest,NorCal DI,3,14,https://play.usaultimate.org/teams/events/Eventteam/?TeamId=ZCnw8n7No%2f%2fijHrPAFwmkvT3tm0MXKyIETMkMaJ3Ex4%3d
288,New Haven,623,College,Men,Division III,Metro East,Hudson Valley DIII,2,4,https://play.usaultimate.org/teams/events/Eventteam/?TeamId=tC5Eo%2bNL8XFgffN2je1zkimsMXHU4RKDwfPRT%2beNfXY%3d
289,Miami,620,College,Men,Division I,Southeast,Florida DI,4,22,https://play.usaultimate.org/teams/events/Eventteam/?TeamId=2mwXFNiNW9rwtqfWNDIDMQhD8IRsBhWKFI8%2bvlyFSgI%3d
290,Illinois B,618,College,Men,Developmental,Great Lakes,Great Lakes Dev,15,15,https://play.usaultimate.org/teams/events/Eventteam/?TeamId=24FRsK8oYKxxNrsbtNEbpghjUkdaGZiOp5T0Gw1yMGg%3d
291,North Greenville,617,College,Men,Division III,Atlantic Coast,Carolina DIII,2,9,https://play.usaultimate.org/teams/events/Eventteam/?TeamId=qFxXnLUiMe5EYjMpvchRPWUGtovQVC%2bOlBQQOlceRyg%3d
292,Georgia Tech B,613,College,Men,Developmental,Southeast,Southeast Dev,8,10,https://play.usaultimate.org/teams/events/Eventteam/?TeamId=Wy5dNUpSBcUNcxNhFQg2vf3ywfEzBd8tBR4OOfod2K0%3d
293,Wingate,612,College,Men,Division III,Atlantic Coast,Carolina DIII,3,13,https://play.usaultimate.org/teams/events/Eventteam/?TeamId=JWa4l%2f%2bnIi%2fGm3ITuiZ1%2b8VexQ4ylA4e%2fXL3Xg2Lke8%3d
294,South Carolina B,609,College,Men,Developmental,Atlantic Coast,Southern Atlantic Coast Dev,14,9,https://play.usaultimate.org/teams/events/Eventteam/?TeamId=mONDmSvCI6jJhuWPghBBr7naxX5u8zFdcrKjnJ18gXE%3d
295,Washington B,609,College,Men,Division I,Northwest,Cascadia DI,3,11,https://play.usaultimate.org/teams/events/Eventteam/?TeamId=sMWUfemdliyspLk0RFGmcftBy%2fX2I%2bNjoqARH3XMvns%3d
296,Beloit,601,College,Men,Division III,North Central,Lake Superior DIII,7,4,https://play.usaultimate.org/teams/events/Eventteam/?TeamId=HlGG%2fTdcI7kDV449imN7Iicpl6yVOOqn0wi%2b5z1yI4Q%3d
297,Maryland B,600,College,Men,Developmental,Atlantic Coast,Colonial Dev,14,9,https://play.usaultimate.org/teams/events/Eventteam/?TeamId=nwW73kAKWtNqGfx7nw13sYp4cXrRXm1UUkpCxFgBLRA%3d
298,St. Thomas,598,College,Men,Division III,North Central,Northwoods DIII,6,8,https://play.usaultimate.org/teams/events/Eventteam/?TeamId=aRQVtAOPL6LvkKfhMH3IozImOqa1ztnUbu1ALNpBzPI%3d
299,Siena,596,College,Men,Division III,Metro East,Hudson Valley DIII,0,1,https://play.usaultimate.org/teams/events/Eventteam/?TeamId=qXd%2bXEDHDS2RrF18BS3HxWDpR8vU9fPpSgm3Ywtrbt0%3d
300,SUNY-New Paltz,596,College,Men,Division I,Metro East,Hudson Valley DI,2,3,https://play.usaultimate.org/teams/events/Eventteam/?TeamId=io1sFjbkHFs3NPCMaWPNuuQdCpRO8YgTgl5HxG%2fXwbg%3d
301,SUNY-Fredonia,594,College,Men,Division III,Metro East,Western NY DIII,12,6,https://play.usaultimate.org/teams/events/Eventteam/?TeamId=%2f9fY3gGew%2f6E3eOQ8bkuOl1N8Poj0F6nA9LqKFtwFGg%3d
302,Ithaca,590,College,Men,Division III,Metro East,Western NY DIII,5,5,https://play.usaultimate.org/teams/events/Eventteam/?TeamId=MsI3HtmyINbkjiJqSxX9tEJ9xI7MbVGtx3f2BfyoPzY%3d
303,Western Michigan,590,College,Men,Division I,Great Lakes,Michigan DI,1,5,https://play.usaultimate.org/teams/events/Eventteam/?TeamId=2qonTeEQErtkDpT55hfZrXKY2rJAX9CnNaUjIQyWcNc%3d
304,Trinity,588,College,Men,Division III,South Central,Texas DIII,4,9,https://play.usaultimate.org/teams/events/Eventteam/?TeamId=taKelKXvwQFffNjatsICxaYGmjJdQxR9ahmfySXYmiI%3d
305,Ferris State,583,College,Men,,Great Lakes,Michigan DI,3,3,https://play.usaultimate.org/teams/events/Eventteam/?TeamId=udijQ%2bpYu%2b6M8CBBmYEbICuUSUmtwcD4lqltgizeAmc%3d
306,Clarkson,580,College,Men,Division III,Metro East,Western NY DIII,4,6,https://play.usaultimate.org/teams/events/Eventteam/?TeamId=ihvVODHHItA5sBQnh0QLQYK0lVtxBcZ233DimaGr09o%3d
307,Emerson,577,College,Men,Division III,New England,Metro Boston DIII,7,5,https://play.usaultimate.org/teams/events/Eventteam/?TeamId=SVF170Z%2b2jYtsOECJ3ejxCkmJsep4QleD3SjFLQyvpw%3d
308,William & Mary B,575,College,Men,Developmental,Atlantic Coast,Southern Atlantic Coast Dev,13,9,https://play.usaultimate.org/teams/events/Eventteam/?TeamId=22PGksTzvfv54%2bsAHG23V9iLVfrLZcWnVdm1VxoQr1A%3d
309,Northern Iowa,571,College,Men,Division I,North Central,West Plains DI,0,5,https://play.usaultimate.org/teams/events/Eventteam/?TeamId=r6m2D8ezcmwyA0P4iiTCR2NtOMSPoJL8KtJKTT7MkfI%3d
310,Bucknell,563,College,Men,Division III,Ohio Valley,West Penn DIII,4,4,https://play.usaultimate.org/teams/events/Eventteam/?TeamId=jnZ9ceiPFM31ub%2beTAOW8kVzTzef1S2%2bEB%2b0i4q1fs8%3d
311,Delaware B,562,College,Men,Developmental,Atlantic Coast,Colonial Dev,17,6,https://play.usaultimate.org/teams/events/Eventteam/?TeamId=oSWzudGFmRWqi2Ytp%2bI5K8RXBh8E5acAbGItsI780F8%3d
312,Western Carolina,556,College,Men,Division I,Atlantic Coast,Carolina DI,3,10,https://play.usaultimate.org/teams/events/Eventteam/?TeamId=CMI9hlJq0OIuKZ32pjPCgXWrrMIBYSF9mtZHYnLgWig%3d
313,North Dakota State,553,College,Men,Division I,North Central,Northwoods DI,0,6,https://play.usaultimate.org/teams/events/Eventteam/?TeamId=81bIR5cyNLuKyGXFuSe23DA7h%2bHFxjZEDQk09s3SOYI%3d
314,James Madison B,549,College,Men,Developmental,Atlantic Coast,Southern Atlantic Coast Dev,19,10,https://play.usaultimate.org/teams/events/Eventteam/?TeamId=9zF6oTzOzOv3O5k40opAdb%2bKF0%2bjjqkVb8I6ZIZUeao%3d
315,Brown B,548,College,Men,Developmental,New England,South New England Dev,9,7,https://play.usaultimate.org/teams/events/Eventteam/?TeamId=PXjdgp04cUQSaIltptznnse26ag14ZsTx9Bm5LQVMiA%3d
316,Iowa State B,542,College,Men,Developmental,North Central,West Plains DI,6,11,https://play.usaultimate.org/teams/events/Eventteam/?TeamId=FHm%2fKZixhRNx39%2bGDGlnwhfiJP9cgcYiNfMTVJSSQLE%3d
317,Portland State,540,College,Men,Division I,Northwest,Cascadia DI,4,10,https://play.usaultimate.org/teams/events/Eventteam/?TeamId=dsiTXX207MwPNWDzXRSJKDGLq1jch9SabGrJScvY91k%3d
318,Bradley,539,College,Men,Division III,Great Lakes,Illinois DIII,9,8,https://play.usaultimate.org/teams/events/Eventteam/?TeamId=CpP0eBwHy1HpCDC1RKysaKE%2bNQUj6nVzuDw6XQ02EoE%3d
319,College of New Jersey,537,College,Men,Division III,Metro East,Metro NY DIII,0,5,https://play.usaultimate.org/teams/events/Eventteam/?TeamId=q1ox2wLUUoM78ARHLkrjZqALPr7sSRkkI4FLjIfnCKs%3d
320,Florida Gulf Coast,535,College,Men,Division I,Southeast,Florida DI,4,2,https://play.usaultimate.org/teams/events/Eventteam/?TeamId=rm8v2TN9F%2fl7AqwiJR08kFRin72RfTB7S%2bvglpRLmvM%3d
321,Rhode Island,534,College,Men,Division I,New England,South New England DI,5,13,https://play.usaultimate.org/teams/events/Eventteam/?TeamId=f5HzXz9i9Xj9JHIHV83UWI5gY3zUB7fQytM3D%2bKrstQ%3d
322,Toledo,531,College,Men,Division I,Ohio Valley,Ohio DI,7,11,https://play.usaultimate.org/teams/events/Eventteam/?TeamId=Wy8LvAeqflas07BAt2LXzshpcSyqr9H77HtchnxHFXw%3d
323,Embry-Riddle (Florida),527,College,Men,Division III,Southeast,Eastern Southeast DIII,8,10,https://play.usaultimate.org/teams/events/Eventteam/?TeamId=OG2s9d4xe3VyCAaibq7gtQD5fjYkV9jUFPcbTVp9yI8%3d
324,LSU B,525,College,Men,Developmental,Southeast,Southeast Dev,5,7,https://play.usaultimate.org/teams/events/Eventteam/?TeamId=XfUpatRAJzv5XDq%2fNukXDH1R6XPYrqij36naDIPuoO0%3d
325,Scranton,523,College,Men,Division III,Ohio Valley,East Penn DIII,4,8,https://play.usaultimate.org/teams/events/Eventteam/?TeamId=KK3hTR4c63eNHwAAXpnku%2feVdTw94TnAjs2GKjpyHfw%3d
326,Southern Indiana,522,College,Men,Division I,Great Lakes,East Plains DI,4,12,https://play.usaultimate.org/teams/events/Eventteam/?TeamId=PCyD2%2b7qcPjwjfJho7ylTxeNduAonHKOYjVZM7QC1hg%3d
327,Wright State,517,College,Men,Division I,Ohio Valley,Ohio DI,7,14,https://play.usaultimate.org/teams/events/Eventteam/?TeamId=t%2flARcTO1%2fQjm%2fRmto5EBsXg4VOzVE5g3GnMLvGON8w%3d
328,Wentworth,516,College,Men,Division III,New England,Metro Boston DIII,8,14,https://play.usaultimate.org/teams/events/Eventteam/?TeamId=5Ek5TFSus21CeAVRFbINHsmRuWwT%2bBi9NAunF6uKcAI%3d
329,Muhlenberg,511,College,Men,Division III,Ohio Valley,East Penn DIII,6,3,https://play.usaultimate.org/teams/events/Eventteam/?TeamId=GmaamXCHkTsE4fr8ls6hLivyJCHhKSG%2bTjiyrqYB7IM%3d
330,Penn State B,508,College,Men,Developmental,Ohio Valley,Ohio Valley Dev,9,5,https://play.usaultimate.org/teams/events/Eventteam/?TeamId=wo1hjQG57%2bodlTVjK5TEuDjDKkIIKA3jYjJwDpUq%2foo%3d
331,Troy,506,College,Men,Division I,Southeast,Gulf Coast DI,2,13,https://play.usaultimate.org/teams/events/Eventteam/?TeamId=btQoovlRHZGD8w%2fYrBQVLvhs%2fvnvgYpl1%2b88153Y3tM%3d
332,Biola,505,College,Men,Division III,Southwest,Southwest DIII,1,4,https://play.usaultimate.org/teams/events/Eventteam/?TeamId=hOkxt5GF%2feJe2qdsBec0l%2fZQLQJWsJ2vDaOYPNqmuX8%3d
333,Clark,504,College,Men,Division III,New England,South New England DIII,2,4,https://play.usaultimate.org/teams/events/Eventteam/?TeamId=aIOD8WQ3f1FXl2ZMSNQv32nYGLv0dPklP70uXwIZTss%3d
334,Ohio Northern,500,College,Men,Division III,Ohio Valley,Ohio DIII,4,6,https://play.usaultimate.org/teams/events/Eventteam/?TeamId=vpfOmQRHNKaV6J%2bmdDYE3ouCJECR0ixgcD0mDXwtnkc%3d
335,Massachusetts-Lowell,499,College,Men,Division I,New England,Metro Boston DI,2,10,https://play.usaultimate.org/teams/events/Eventteam/?TeamId=Ts4osO8c4uBzCXNdhlFRymQmIUm6VIPvhpTM1Y6VcJI%3d
336,Caltech,496,College,Men,Division III,Southwest,Southwest DIII,2,10,https://play.usaultimate.org/teams/events/Eventteam/?TeamId=LiHaYi1tIWGHoWFQ3NEgEBBxFhOeKHGLaPesP%2bmoEyg%3d
337,Cal Poly-SLO B,492,College,Men,Developmental,Southwest,Southwest Dev,6,12,https://play.usaultimate.org/teams/events/Eventteam/?TeamId=ApU9WPdRVJyNha3bgKc6dodn%2fOhBiWaWZoOlhUIPXDQ%3d
338,Dickinson,490,College,Men,Division III,Ohio Valley,West Penn DIII,7,12,https://play.usaultimate.org/teams/events/Eventteam/?TeamId=DEx87MwgmFABNKEwSZCpAciAwR%2fHSsENtp0p%2fuIDDhI%3d
339,Virginia Tech B,488,College,Men,Developmental,Atlantic Coast,Southern Atlantic Coast Dev,3,3,https://play.usaultimate.org/teams/events/Eventteam/?TeamId=ID1d4LMnRKS%2ffobOVc1xEzucASrb3QO4oMFLCxb2P0U%3d
340,Central Arkansas,488,College,Men,Division I,South Central,Ozarks DI,4,13,https://play.usaultimate.org/teams/events/Eventteam/?TeamId=M%2brCAYxH15UEhX07FvTmFZwIEzPypGsqAg1sarRpw9E%3d
341,Dartmouth B,484,College,Men,Developmental,New England,North New England Dev,13,9,https://play.usaultimate.org/teams/events/Eventteam/?TeamId=SaIIEL%2fQ%2fZACqlqG6eSEhSb4zAikyGYoH6L41KYB1Qg%3d
342,Stetson,477,College,Men,Division III,Southeast,Eastern Southeast DIII,3,15,https://play.usaultimate.org/teams/events/Eventteam/?TeamId=jJm9yHhd%2bYXvQtYp2QPkhTF5kqn0vyOBuNfkEtIk2w4%3d
343,Notre Dame B,470,College,Men,Developmental,Great Lakes,Great Lakes Dev,8,5,https://play.usaultimate.org/teams/events/Eventteam/?TeamId=Isa1V%2b7nSjZvWxfe1IPMM341mcqoDymjzpaMSH2S79M%3d
344,Purdue B,468,College,Men,Developmental,Great Lakes,Great Lakes Dev,4,3,https://play.usaultimate.org/teams/events/Eventteam/?TeamId=eTmly0j%2f%2fqmS7eHYIoMB97FQfJZXZyy%2b1j%2bnAz3WW84%3d
345,Central Florida B,463,College,Men,Developmental,Southeast,Southeast Dev,4,8,https://play.usaultimate.org/teams/events/Eventteam/?TeamId=842vS6ZNNmk9D2SnyCw9%2bVTQ9lziW4BK%2b34Wz0rr77g%3d
346,Grand Canyon,462,College,Men,Division I,Southwest,Desert DI,2,14,https://play.usaultimate.org/teams/events/Eventteam/?TeamId=CZMmikYPSQy108Ud5bRugtuU5z6dfsFwivObSl%2fym4M%3d
347,Trine,458,College,Men,Division III,Great Lakes,East Plains DIII,2,7,https://play.usaultimate.org/teams/events/Eventteam/?TeamId=U6v9jNSxTw24tO0io9MeQ1qpFvPHBM3PyM3QexmIuug%3d
348,Westfield State,457,College,Men,Division III,New England,South New England DIII,2,4,https://play.usaultimate.org/teams/events/Eventteam/?TeamId=OFDw9HXq468zD3qDqCCSbL9KXbouhK%2bL5M6OtrpXwFg%3d
349,Eastern Illinois,457,College,Men,Division III,Great Lakes,Illinois DIII,8,12,https://play.usaultimate.org/teams/events/Eventteam/?TeamId=hXdsipkaDAETzYVPSGSCmTlVWGJMdGiu2RuHWXZE8Bw%3d
350,Northwestern B,451,College,Men,Developmental,Great Lakes,Great Lakes Dev,12,8,https://play.usaultimate.org/teams/events/Eventteam/?TeamId=H297i2buLne8oXLsE5feteopqOx9XSmaUVQO%2fCErcVI%3d
351,Vassar,449,College,Men,Division III,Metro East,Hudson Valley DIII,0,4,https://play.usaultimate.org/teams/events/Eventteam/?TeamId=rSD6Iar3P4myu37nJVppa2gMb5pc5Q6KNish1YwotqI%3d
352,Southern Illinois-Edwardsville,446,College,Men,,Great Lakes,Illinois DI,4,4,https://play.usaultimate.org/teams/events/Eventteam/?TeamId=bN%2blQeORVFzw7DyaQHnNr5VcMy2O5jF9zXEDxVvVoSU%3d
353,Illinois-Chicago,444,College,Men,Division I,Great Lakes,Illinois DI,4,11,https://play.usaultimate.org/teams/events/Eventteam/?TeamId=ZHDIklrrdHIRw%2fVO6zJBifnDYLhyZfrI1Rp6XLd9cgk%3d
354,Towson,437,College,Men,Division I,Atlantic Coast,Colonial DI,1,10,https://play.usaultimate.org/teams/events/Eventteam/?TeamId=%2bK42lloKqmko6zlyZZAAlKuInv9oeFqDevch5xdEwMg%3d
355,Kenyon,433,College,Men,Division III,Ohio Valley,Ohio DIII,3,3,https://play.usaultimate.org/teams/events/Eventteam/?TeamId=5CnvH0ffmFLR0LnYCG0bp%2fCaX0Ip1EV1rLED9E7iaZ0%3d
356,Seattle,432,College,Men,Division III,Northwest,Northwest DIII,0,7,https://play.usaultimate.org/teams/events/Eventteam/?TeamId=0pfnG%2bm5IvcKxE1XjWu0%2bX8pdPuCxApeAVfOE%2fS08q0%3d
357,Keene State,428,College,Men,Division III,New England,North New England DIII,3,12,https://play.usaultimate.org/teams/events/Eventteam/?TeamId=zUR9glRaZQOT4Ead58GlyBNt6QhO2Fmoj3v7cCOrEa8%3d
358,Southern Mississippi,428,College,Men,Division I,Southeast,Gulf Coast DI,2,17,https://play.usaultimate.org/teams/events/Eventteam/?TeamId=Yq4%2bDuiOozvTXLgWJvCvR785loE7t7JyU8N%2fIldpWA8%3d
359,Allegheny,414,College,Men,Division III,Ohio Valley,West Penn DIII,6,11,https://play.usaultimate.org/teams/events/Eventteam/?TeamId=OXUluWJiNfBW5rSH0d5Ge3RRst1L%2bF%2bfq7Sx7gL5HcY%3d
360,Ave Maria,412,College,Men,Division III,Southeast,Eastern Southeast DIII,0,4,https://play.usaultimate.org/teams/events/Eventteam/?TeamId=8ShWvfYYnz1BK7Tooodbk%2fFRbXENYF5Nyk14eD2IHxM%3d
361,Northeastern B,408,College,Men,Developmental,New England,Metro Boston Dev,12,6,https://play.usaultimate.org/teams/events/Eventteam/?TeamId=JRVXSoSQW79Db2X9SHKovql5%2fUDQhb6brBhXH%2bqXGFc%3d
362,Kent State,407,College,Men,Division I,Ohio Valley,Ohio DI,5,14,https://play.usaultimate.org/teams/events/Eventteam/?TeamId=5AfvVcfy85obKcwq%2fhkMjMsy9TlxhF6f0AyyY0rGEyA%3d
363,California-Davis B,404,College,Men,Developmental,Southwest,Southwest Dev,5,9,https://play.usaultimate.org/teams/events/Eventteam/?TeamId=c2ERgK4SSEaAYtB2mc323g5a2q8zJN%2f0DMMpUeYroAs%3d
364,California-Irvine,400,College,Men,Division I,Southwest,SoCal DI,4,17,https://play.usaultimate.org/teams/events/Eventteam/?TeamId=3W6YG0aGu8d0oHGrDVZj6pOH4U9TubOurdCpSyFM2ic%3d
365,Colorado-Mesa,392,College,Men,Division I,South Central,Rocky Mountain DI,1,17,https://play.usaultimate.org/teams/events/Eventteam/?TeamId=rRXCHQV6HfgRmdRqz%2fYGtFk4qTTWMnfNqw719YqFvRM%3d
366,Central Connecticut State,392,College,Men,Division I,Metro East,Hudson Valley DI,0,4,https://play.usaultimate.org/teams/events/Eventteam/?TeamId=GqbfQyLQk6H0KxF85cBWwwfzdCDS2qwbMRZpCk1f8I4%3d
367,Maine-Farmington,387,College,Men,Division III,New England,North New England DIII,2,9,https://play.usaultimate.org/teams/events/Eventteam/?TeamId=IRJawSzF4wGFjnk4u253hCrOBMQNFgxlqYVY9mBdzYI%3d
368,SUNY-Brockport,384,College,Men,Division I,Metro East,Western NY DI,0,6,https://play.usaultimate.org/teams/events/Eventteam/?TeamId=8RsgAvIoaMGbCeeYXC0emuW1Cqj3ztfHhR0gOC79zc0%3d
369,Texas-Dallas B,379,College,Men,Division I,South Central,North Texas DI,2,7,https://play.usaultimate.org/teams/events/Eventteam/?TeamId=i0A180ml2VtaIdQbbtw%2bxYNeEfNhmQGGLMfx42NXwGs%3d
370,Air Force B,378,College,Men,Division III,South Central,Rocky Mountain DIII,1,8,https://play.usaultimate.org/teams/events/Eventteam/?TeamId=dBgcknjXGe9T2atZHxR5Ta6sPvDUfRaHvv4gyyfHqJc%3d
371,Connecticut B,365,College,Men,Developmental,Metro East,Metro East Dev,9,5,https://play.usaultimate.org/teams/events/Eventteam/?TeamId=%2fLZinfVRcAnLxNrLBOXBO2GxWw6nY3NTif6HzLuEQDo%3d
372,Harvard B,364,College,Men,Developmental,New England,Metro Boston Dev,7,5,https://play.usaultimate.org/teams/events/Eventteam/?TeamId=aeNoH%2bBJ0no%2bF%2fDM5cy2cZWhcGBO6twppisbNYugByM%3d
373,Cornell B,361,College,Men,Developmental,Metro East,Metro East Dev,8,3,https://play.usaultimate.org/teams/events/Eventteam/?TeamId=GTtbXze5Of8dpd7b2eXId6VTptdmkW%2f2cEdvdo%2bZGy8%3d
374,Florida Atlantic,360,College,Men,Division I,Southeast,Florida DI,2,4,https://play.usaultimate.org/teams/events/Eventteam/?TeamId=rF39713FGAsnLupIklLgGayurq%2bWAUwI0MtIncmyXXk%3d
375,St Lawrence,356,College,Men,Division III,Metro East,Western NY DIII,2,7,https://play.usaultimate.org/teams/events/Eventteam/?TeamId=7%2fLp5PiWYMcSJ22VhXmg8pgywwZo8na6AMmQkclxXNU%3d
376,Washington University B,355,College,Men,Developmental,South Central,Ozarks DI,7,14,https://play.usaultimate.org/teams/events/Eventteam/?TeamId=GINITkv2GfEbdHn10mz4ANhGuLaW7064Ch4XTUxOOEA%3d
377,Virginia B,352,College,Men,Developmental,Atlantic Coast,Southern Atlantic Coast Dev,11,18,https://play.usaultimate.org/teams/events/Eventteam/?TeamId=vXEbXrX7VdFqv%2fyYO4GFGej9Jn2pLVxDohIUfcO9gnI%3d
378,Texas B,349,College,Men,Developmental,South Central,South Texas DI,1,5,https://play.usaultimate.org/teams/events/Eventteam/?TeamId=BXel%2by0n%2bqwrdGbsWP7kBG4uox94j5s3X3iX629kdlM%3d
379,Millersville,347,College,Men,Division I,Ohio Valley,East Penn DI,0,6,https://play.usaultimate.org/teams/events/Eventteam/?TeamId=DVFBvH9WSXs05RAoFnAHvil4ToMjqUvGX8Y7kXTdni0%3d
380,Wisconsin-Oshkosh,345,College,Men,Division I,North Central,Lake Superior DI,4,15,https://play.usaultimate.org/teams/events/Eventteam/?TeamId=aN86Dtd1UikGwwl%2biaec2IO3nv710L3d792yy8UcnF4%3d
381,Olivet Nazarene,344,College,Men,Division III,Great Lakes,Illinois DIII,6,15,https://play.usaultimate.org/teams/events/Eventteam/?TeamId=BnEbn3t1ycE%2bPiwZlz%2fFALem%2b9kUEL5rpNi7MYYGkWM%3d
382,Rowan B,343,College,Men,Developmental,Metro East,Metro East Dev,14,11,https://play.usaultimate.org/teams/events/Eventteam/?TeamId=DfCSy6lmoxEe5f8yDbB%2fLENWLjQL69SWew2%2fQMWu4U0%3d
383,Northern Arizona B,339,College,Men,Developmental,Southwest,Southwest Dev,0,4,https://play.usaultimate.org/teams/events/Eventteam/?TeamId=zB43%2bnRzYDfmC0mB5YPHoZ%2bk%2fbszumbnPH%2bMGSfIyYo%3d
384,Illinois State B,337,College,Men,Division I,Great Lakes,Illinois DI,9,15,https://play.usaultimate.org/teams/events/Eventteam/?TeamId=1Hj19U37DqmLagx61YAVwxYpA3FpwYgSBmnugcYbZuE%3d
385,Edinboro,331,College,Men,Division I,Ohio Valley,West Penn DI,4,19,https://play.usaultimate.org/teams/events/Eventteam/?TeamId=LfKUaMFxIyjMNdVtEn64pR%2bWmKtm5NyfqbMzSfaVmOg%3d
386,Wisconsin-La Crosse B,331,College,Men,Developmental,North Central,Lake Superior DI,1,3,https://play.usaultimate.org/teams/events/Eventteam/?TeamId=oDZlCXF6gDl4FEUaOuW2Oh%2bpnvcbrmJpUUZDCv%2fHCBA%3d
387,Susquehanna,326,College,Men,Division III,Ohio Valley,West Penn DIII,5,9,https://play.usaultimate.org/teams/events/Eventteam/?TeamId=X9x0acYMS8hjvjyk3FBRda4ICUSlFtA7vYLy%2fUqoYss%3d
388,Temple B,321,College,Men,Developmental,Ohio Valley,Ohio Valley Dev,6,9,https://play.usaultimate.org/teams/events/Eventteam/?TeamId=CMdo0wM83jg0azyQcwxxOHPeM4rZ%2ftvJJfI2XIihf0I%3d
389,Northern Michigan,320,College,Men,Division I,North Central,Lake Superior DI,2,5,https://play.usaultimate.org/teams/events/Eventteam/?TeamId=mAlFr3CwPzNYEKRbNl61%2bzdwqyjwHvd3g91ZeEN58zo%3d
390,Idaho,314,College,Men,Division I,Northwest,Big Sky DI,0,12,https://play.usaultimate.org/teams/events/Eventteam/?TeamId=wFlxa%2f7s%2fq9Udy63q4Tet8h65pz0RDF%2bn52A1YV4sV0%3d
391,Fresno State,303,College,Men,Division I,Southwest,NorCal DI,0,11,https://play.usaultimate.org/teams/events/Eventteam/?TeamId=EO%2br3eHo3ymemJ0diWfITXmN8tNccUgZpUrMZcbNpEk%3d
392,John Carroll,290,College,Men,Division III,Ohio Valley,Ohio DIII,3,6,https://play.usaultimate.org/teams/events/Eventteam/?TeamId=SrrwYUqmdGgJzhieTPonSi2QkrYQmpcl3WxtpIlOhr0%3d
393,Grinnell,284,College,Men,Division III,North Central,West Plains DIII,8,12,https://play.usaultimate.org/teams/events/Eventteam/?TeamId=BTptwiev7TrYHpXR6tM9rY%2bl3lvHp9gHDUTQ1E6qRgE%3d
394,Kalamazoo,281,College,Men,Division III,Great Lakes,Michigan DIII,2,8,https://play.usaultimate.org/teams/events/Eventteam/?TeamId=l6n49cQAVdL5e%2b9aSZabnwx428PZaHw%2b38h6H5OsTfI%3d
395,Lehigh B,275,College,Men,Division III,Ohio Valley,East Penn DIII,6,7,https://play.usaultimate.org/teams/events/Eventteam/?TeamId=Dj6WxPn7gpm3RQe%2bHMcUfiVOcPUtWyGp1GNNvvCqdcA%3d
396,Bethel,274,College,Men,Division III,North Central,Northwoods DIII,2,4,https://play.usaultimate.org/teams/events/Eventteam/?TeamId=P89xPENmpeAObBPCGpgN0TJo2FQ%2bkHKDa1Bqav95ua8%3d
397,Messiah College B,268,College,Men,Developmental,Ohio Valley,Ohio Valley Dev,4,2,https://play.usaultimate.org/teams/events/Eventteam/?TeamId=AeyKkOxGY7PsAJ5egRzIgf00BjlynYxAUjg35tvowCc%3d
398,North Carolina-Wilmington B,263,College,Men,Developmental,Atlantic Coast,Southern Atlantic Coast Dev,3,9,https://play.usaultimate.org/teams/events/Eventteam/?TeamId=QngSnO%2baSoMsSvjqFzUdQQh7vAOoxzc%2flgHBZyHv8ec%3d
399,Northeastern C,261,College,Men,Developmental,New England,Metro Boston Dev,7,3,https://play.usaultimate.org/teams/events/Eventteam/?TeamId=0cTfJkRLzntz793QG5xdbwo66RMXVCTl7doMOwT%2fI6g%3d
400,SUNY-Oneonta,259,College,Men,Division III,Metro East,Western NY DIII,2,7,https://play.usaultimate.org/teams/events/Eventteam/?TeamId=pjrSw0VliqiB%2f%2bG9Q%2bK67XH8ew9jYh43Y8ZJeudWCqE%3d
401,Michigan State B,258,College,Men,Developmental,Great Lakes,Great Lakes Dev,7,12,https://play.usaultimate.org/teams/events/Eventteam/?TeamId=Iov0M%2fDpOu0t6UPyTB79OM3IexMG4VS2jjxSy7IXgi0%3d
402,Rose-Hulman,251,College,Men,Division III,Great Lakes,East Plains DIII,5,10,https://play.usaultimate.org/teams/events/Eventteam/?TeamId=yNZaHGK%2fTNzqPNHTulpCz5AaEj%2fmNVbPUzMjzVbMF1g%3d
403,Dallas,247,College,Men,Division III,South Central,Texas DIII,2,7,https://play.usaultimate.org/teams/events/Eventteam/?TeamId=qYBKOqDiDecSJOemkDdcCIswyVNzLaV0kX9vJ59Pzb8%3d
404,Washington C,242,College,Men,Developmental,Northwest,Cascadia DI,0,5,https://play.usaultimate.org/teams/events/Eventteam/?TeamId=%2bJ29wKWRJC1MERx3j3Dhri5Qrut1%2bNj1FLCLiE52KUQ%3d
405,Drury,238,College,Men,Division III,South Central,Ozarks DIII,1,4,https://play.usaultimate.org/teams/events/Eventteam/?TeamId=G9HlciLXYiZwAdGtFdcWD40i7aZOpg%2fTI%2fMQImlXwmQ%3d
406,Maine,235,College,Men,Division I,New England,North New England DI,0,2,https://play.usaultimate.org/teams/events/Eventteam/?TeamId=vWeoTfPLxxlPRkD9cEbMYpziZI52d0pbarmO0tJjmpI%3d
407,Fairfield,224,College,Men,Division III,Metro East,Hudson Valley DIII,3,5,https://play.usaultimate.org/teams/events/Eventteam/?TeamId=sMHSxzuEaEqSqa12AdcXMkmEx77oNbjxsAQIfADfQ7k%3d
408,Central Washington,222,College,Men,Division I,Northwest,Cascadia DI,0,6,https://play.usaultimate.org/teams/events/Eventteam/?TeamId=9V7P5ZXVqUIExy%2fyPxjrTlDm8IijYFqAbvTy5Aqzh9g%3d
409,Belmont,221,College,Men,Division III,Southeast,Western Southeast DIII,1,11,https://play.usaultimate.org/teams/events/Eventteam/?TeamId=HFJFRrpHmrhuVkp5lX2IdTxtv2Wbp%2fatdbOguhryy7Q%3d
410,Ursinus,218,College,Men,Division III,Ohio Valley,East Penn DIII,4,9,https://play.usaultimate.org/teams/events/Eventteam/?TeamId=BzG8VB%2f%2frKea8mGSNDgtzX0MG4U%2bSQaw1J3HBRt52F8%3d
411,Georgetown B,217,College,Men,Developmental,Atlantic Coast,Colonial Dev,9,6,https://play.usaultimate.org/teams/events/Eventteam/?TeamId=kyQWyF9fMcJ2%2fGlbTtTdbOQsZI1bI3ARHHjWs7bkLFA%3d
412,South Dakota Mines,213,College,Men,Division III,North Central,Northwoods DIII,0,5,https://play.usaultimate.org/teams/events/Eventteam/?TeamId=urOJ3QyBSxghvcDUf17j%2fu2TLSgGDnN05QnjeHJplAY%3d
413,Salisbury,212,College,Men,Division I,Atlantic Coast,Colonial DI,6,13,https://play.usaultimate.org/teams/events/Eventteam/?TeamId=077OUybEyljuuFhxi3CUShQvw%2fAoD6ipq%2bhzJqhAKiI%3d
414,Hofstra,208,College,Men,Division I,Metro East,Metro NY DI,2,15,https://play.usaultimate.org/teams/events/Eventteam/?TeamId=49ctGqUM7irKU8zXI5Mb71GpOyF%2bwyAKnbeEoPuaUFk%3d
415,Abilene Christian,205,College,Men,Division III,South Central,Texas DIII,1,8,https://play.usaultimate.org/teams/events/Eventteam/?TeamId=udQCp7JcvBoEcy14VqA98qhf3E%2b%2fMKNYbFmg6hXzlE4%3d
416,Luther B,193,College,Men,Division III,North Central,West Plains DIII,6,7,https://play.usaultimate.org/teams/events/Eventteam/?TeamId=VwfdrQ1ZsfFWspm5YwNjfhhMovTEb%2f0IYKi5odFikcM%3d
417,Holy Cross,192,College,Men,Division III,New England,South New England DIII,1,4,https://play.usaultimate.org/teams/events/Eventteam/?TeamId=TuNt%2fNMUnAV8mt%2fa6SibOcZ5nYuQWGjrT74tywNDRXU%3d
418,Indiana (Pennsylvania),182,College,Men,Division I,Ohio Valley,West Penn DI,1,9,https://play.usaultimate.org/teams/events/Eventteam/?TeamId=nJU9oQhFkQM%2bNu8lKKxdWViGwTctXhhve9xbDqBSDVA%3d
419,Tulane B,167,College,Men,Developmental,Southeast,Southeast Dev,2,11,https://play.usaultimate.org/teams/events/Eventteam/?TeamId=7WeHaQUtfRvI14INeFNg58h6ArtBFq2hHgrorb9dyIE%3d
420,California-San Diego B,154,College,Men,Developmental,Southwest,Southwest Dev,5,8,https://play.usaultimate.org/teams/events/Eventteam/?TeamId=QfFbGVbGbUPIp9D2KSU1hn8%2fOcbLWS01rUTp86%2btfII%3d
421,Indiana B,154,College,Men,Developmental,Great Lakes,Great Lakes Dev,7,14,https://play.usaultimate.org/teams/events/Eventteam/?TeamId=Nk5hsQQik37AyvVCfh87j7j43QR%2fVhPIN%2bvRGK%2bGJM0%3d
422,North Carolina State  B,153,College,Men,Developmental,Atlantic Coast,Southern Atlantic Coast Dev,2,8,https://play.usaultimate.org/teams/events/Eventteam/?TeamId=PbgdXD%2bnpamPGaGlp8VQEzJLFRQBjTvE0zCw0CTM41s%3d
423,Kentucky B,148,College,Men,Division I,Great Lakes,Great Lakes Dev,1,10,https://play.usaultimate.org/teams/events/Eventteam/?TeamId=93YHr1heThUdhADiaPQ8co7eLUcT3kcsFSOlqeBxc4M%3d
424,California-Pennsylvania,137,College,Men,Division I,Ohio Valley,West Penn DI,2,8,https://play.usaultimate.org/teams/events/Eventteam/?TeamId=sE4Dl%2bdbBkfXuvpciLu%2bv9tNb3cItSWlFSH2m7oGcD4%3d
425,Butler,135,College,Men,Division III,Great Lakes,East Plains DIII,0,2,https://play.usaultimate.org/teams/events/Eventteam/?TeamId=Cd9oY0aSWsbhIfx3yNytS3kZH5oD8qqYQUVrSTDIExg%3d
426,UCLA B,131,College,Men,Developmental,Southwest,Southwest Dev,3,11,https://play.usaultimate.org/teams/events/Eventteam/?TeamId=WeCdzp9HZH%2bUNolaqKSR1wTFGKrcYWtvTdKXx0DKO7Q%3d
427,Wisconsin-Platteville,124,College,Men,Division III,North Central,Lake Superior DIII,1,11,https://play.usaultimate.org/teams/events/Eventteam/?TeamId=NROR1%2bAGKyEWGGQuvoB3ko2QpRI96bzA9XdTlyzYV5o%3d
428,Case Western Reserve B,115,College,Men,Developmental,Ohio Valley,Ohio Valley Dev,2,8,https://play.usaultimate.org/teams/events/Eventteam/?TeamId=2S%2bAQ0Lcvje5%2bTNkmKcYTPR1LhnOd%2bhwqqZNhNg6PaY%3d
429,Lancaster Bible,108,College,Men,Division III,Ohio Valley,East Penn DIII,6,5,https://play.usaultimate.org/teams/events/Eventteam/?TeamId=3xIvCIp7x6E97tP3eExHLoLiXavOGRZ87rqlg8h5IQk%3d
430,Southern Methodist,106,College,Men,Division I,South Central,North Texas DI,3,11,https://play.usaultimate.org/teams/events/Eventteam/?TeamId=JDRQjdCnAiIcrFFwP8%2bR0CnanXwbIit20rsOgC9aU%2fQ%3d
431,Princeton B,100,College,Men,Developmental,Metro East,Metro East Dev,6,10,https://play.usaultimate.org/teams/events/Eventteam/?TeamId=6oTn%2brI4VQMziPMUlwllf2gw5v46f1oTyiJ51Q%2ffUTU%3d
432,Providence College,94,College,Men,Division III,New England,South New England DIII,0,5,https://play.usaultimate.org/teams/events/Eventteam/?TeamId=vCyesR2jMKB8dWle4NyrEiTKbFIqtw%2fcSB4Ku17yPL4%3d
433,Shenandoah,91,College,Men,Division III,Atlantic Coast,Northern Atlantic Coast DIII,2,12,https://play.usaultimate.org/teams/events/Eventteam/?TeamId=zcABu2RC3rdVppZFS%2boxgFvcPPH%2fd8kINLAJlkzXnJ8%3d
434,Creighton,90,College,Men,Division III,North Central,West Plains DIII,5,9,https://play.usaultimate.org/teams/events/Eventteam/?TeamId=r44Wzd88DAxt8SdMgNB0cAbl1GQuGGvh129OjO%2bevfE%3d
435,Stonehill,89,College,Men,Division III,New England,Metro Boston DIII,2,8,https://play.usaultimate.org/teams/events/Eventteam/?TeamId=fxWMn2JjEKKlRlXvEhCXbqxkUyISrALGw67rGfRGdYs%3d
436,Union,83,College,Men,Division III,Metro East,Hudson Valley DIII,0,4,https://play.usaultimate.org/teams/events/Eventteam/?TeamId=HUHIsS7r%2behmYFUNa%2bCNLm327e6GEjXlQZa932rlcZs%3d
437,Canisius,83,College,Men,Division III,Metro East,Western NY DIII,1,4,https://play.usaultimate.org/teams/events/Eventteam/?TeamId=jWE9E%2bQynN3N0ttV0AQtUngwj%2bOBDLWEUvi9c%2f3e4J4%3d
438,George Washington B,73,College,Men,Developmental,Atlantic Coast,Colonial Dev,7,9,https://play.usaultimate.org/teams/events/Eventteam/?TeamId=7BZGMgU9Tgn%2fQmC5bi4BFaq0O80H4O%2fiISEdZ3cuRRM%3d
439,North Texas B,72,College,Men,Division I,South Central,North Texas DI,1,9,https://play.usaultimate.org/teams/events/Eventteam/?TeamId=l137u3N6avVD%2fxsFkYqN8alXT8B5Ir%2fghE43AywItXA%3d
440,Denison,52,College,Men,Division III,Ohio Valley,Ohio DIII,0,5,https://play.usaultimate.org/teams/events/Eventteam/?TeamId=CoIuflJ1PWObyp0vkfQ9vKsyY8cBrv7cebW5U22aP0w%3d
441,Texas A&M C,51,College,Men,Developmental,South Central,South Texas DI,0,5,https://play.usaultimate.org/teams/events/Eventteam/?TeamId=LSpx9Y0BNS4Z1groIkRr%2fRQPPE1kcnVpk3q7uJzwQqY%3d
442,Marquette B,41,College,Men,Developmental,North Central,Lake Superior DI,1,12,https://play.usaultimate.org/teams/events/Eventteam/?TeamId=XGykDTh83CpK7anIFsqQx5Vva2gy212ynEhqVKQXm30%3d
443,California-Santa Barbara B,27,College,Men,Developmental,Southwest,Southwest Dev,2,4,https://play.usaultimate.org/teams/events/Eventteam/?TeamId=2QsRn58mfuA6FPVKXn%2bhcYYOi1%2f1LWXKHFvr24tzua0%3d
444,Cleveland State,27,College,Men,Division I,Ohio Valley,Ohio DI,2,16,https://play.usaultimate.org/teams/events/Eventteam/?TeamId=5RL0Qv5n8OxjoGhbzw386tZK2kfQRht8T4%2f%2fQRlxwtY%3d
445,Franklin & Marshall,22,College,Men,Division III,Ohio Valley,East Penn DIII,1,4,https://play.usaultimate.org/teams/events/Eventteam/?TeamId=juEaekQQXCtMaWlbdjtg%2bpkXnX2%2fG3D2lVfLWD%2bbXHA%3d
446,Wheaton (MA),-6,College,Men,Division III,New England,Metro Boston DIII,1,9,https://play.usaultimate.org/teams/events/Eventteam/?TeamId=v3%2fRkyk%2fO4Ju7tOrDFfj1zNZw3R173gUIc%2bzatg6Png%3d
447,Milwaukee School of Engineering,-8,College,Men,Division III,North Central,Lake Superior DIII,0,9,https://play.usaultimate.org/teams/events/Eventteam/?TeamId=jfxPOP4kvu2McEDbk853UrlHvhmFunb0h9giWE4vdAs%3d
448,York (Pennsylvania),-20,College,Men,Division III,Ohio Valley,East Penn DIII,0,7,https://play.usaultimate.org/teams/events/Eventteam/?TeamId=lcv%2fwHp89cU9rwTcYOPjLVaCxx74acfEWExb3TtPLtU%3d
449,Vermont B,-32,College,Men,Developmental,New England,North New England Dev,2,8,https://play.usaultimate.org/teams/events/Eventteam/?TeamId=mZ79FAcjynwjSnbfOU0OG%2fmG1omKYSeniQcbKAolZF4%3d
450,Pennsylvania B,-64,College,Men,Developmental,Ohio Valley,Ohio Valley Dev,4,15,https://play.usaultimate.org/teams/events/Eventteam/?TeamId=W7nDC8C7f9mpQdj2HOR1tpFlyVnNR5Ker81gK79DpW0%3d
451,Boston College B,-74,College,Men,Developmental,New England,Metro Boston Dev,4,7,https://play.usaultimate.org/teams/events/Eventteam/?TeamId=hd4K%2flyr3E0u4hSIb6Xkgie6ukN%2fHRuZ9WbBWolMo2A%3d
452,Kansas B,-86,College,Men,Developmental,South Central,Ozarks DI,0,12,https://play.usaultimate.org/teams/events/Eventteam/?TeamId=k9KK5vxHjVv2edQ4mFhhSQxPrbHbUurj85t3UfhANzk%3d
453,Wisconsin-Milwaukee B,-89,College,Men,Developmental,North Central,Lake Superior DI,1,14,https://play.usaultimate.org/teams/events/Eventteam/?TeamId=sQwrACCuTK9SLvSMcZB7MkjQ74Mtylsn8Bw1QQOga5U%3d
454,Northwestern-St. Paul,-91,College,Men,Division III,North Central,Northwoods DIII,0,9,https://play.usaultimate.org/teams/events/Eventteam/?TeamId=aRIXeCnFFAKPGYRBJHe5RX%2bqoryNT6yjSiTC9y1UwdE%3d
455,Texas State  B,-119,College,Men,Division I,South Central,South Texas DI,1,12,https://play.usaultimate.org/teams/events/Eventteam/?TeamId=QSbDyVlYiS4%2bxtrbp0t7QntF5VFZygm%2bBrsjpDDyFko%3d
456,Rutgers B,-128,College,Men,Developmental,Metro East,Metro East Dev,3,12,https://play.usaultimate.org/teams/events/Eventteam/?TeamId=b6NTvotrwZMewbMiS2VUogTdm8LtgIyz61avBXeJCLk%3d
457,South Florida B,-128,College,Men,Developmental,Southeast,Southeast Dev,2,14,https://play.usaultimate.org/teams/events/Eventteam/?TeamId=VD%2fZmcBRm7g2cIgpYnSNNSVQdRLdl8GB9H1iARCgzS0%3d
458,Cornell College,-130,College,Men,Division III,North Central,West Plains DIII,1,6,https://play.usaultimate.org/teams/events/Eventteam/?TeamId=2STzavLWD0wAoLc6%2fgTdDSU2iC%2bNFscpC1nxZ0wDo9I%3d
459,SUNY-Binghamton B,-131,College,Men,Developmental,Metro East,Metro East Dev,0,8,https://play.usaultimate.org/teams/events/Eventteam/?TeamId=hstSqBii%2frv0oSsv4DlS7iXH1Ue%2bnBj4r13NSNSfZSA%3d
460,Illinois C,-144,College,Men,Developmental,Great Lakes,Great Lakes Dev,1,16,https://play.usaultimate.org/teams/events/Eventteam/?TeamId=3NVdHHp5zIVPz5ojEaNnsY5UGIVS6cU%2f3PHCntW0RUk%3d
461,Maryland-Baltimore County B,-148,College,Men,Developmental,Atlantic Coast,Colonial Dev,3,8,https://play.usaultimate.org/teams/events/Eventteam/?TeamId=LFhQ0%2fMLcl%2fjOy1dmkWOeUpd%2fv1WA6VxIb7oE2E7SKc%3d
462,Florida Tech B,-152,College,Men,Developmental,Southeast,Southeast Dev,1,15,https://play.usaultimate.org/teams/events/Eventteam/?TeamId=B5JarhM%2f7OfywO0sGTVx3qs1wJsAVSbNukO3OEeqQIw%3d
463,Kettering,-186,College,Men,Division III,Great Lakes,Michigan DIII,0,6,https://play.usaultimate.org/teams/events/Eventteam/?TeamId=AkdBNoNlNddLFYGz4DPZZjq1ZkDPnh%2fONjbS91gu1NY%3d
464,Hendrix,-200,College,Men,,South Central,Ozarks DIII,0,5,https://play.usaultimate.org/teams/events/Eventteam/?TeamId=2lXV3YU4HlUUg3oHOKyf6nq9i6OgPph16OOaVB2mw14%3d
465,Chicago B,-205,College,Men,Developmental,Great Lakes,Great Lakes Dev,0,5,https://play.usaultimate.org/teams/events/Eventteam/?TeamId=Ala3S3ZU5NvnJ6VFi5yMZQGJ%2bjVnlj0yOlhLB4qOwGE%3d
466,Le Moyne,-220,College,Men,Division III,Metro East,Western NY DIII,0,5,https://play.usaultimate.org/teams/events/Eventteam/?TeamId=vMiVmryyAcm6GCH%2bI5VA%2fJBUHEyeX1Sm3xTifjq8OBk%3d
467,Wisconsin C,-222,College,Men,Developmental,North Central,Lake Superior DI,0,12,https://play.usaultimate.org/teams/events/Eventteam/?TeamId=p41GuQo9tjjnfm%2frRij5UmdMqSUtqpVJwgYLM6A0frw%3d
468,SUNY-Albany B,-251,College,Men,Developmental,Metro East,Metro East Dev,1,4,https://play.usaultimate.org/teams/events/Eventteam/?TeamId=TJQyIARObM%2fL%2bBcugHjzE6N0qv90l5Up4fIkM9lf0cE%3d
469,Towson  B,-287,College,Men,Developmental,Atlantic Coast,Colonial Dev,2,10,https://play.usaultimate.org/teams/events/Eventteam/?TeamId=X%2bhY8VnWjQUlckJs5B%2fBEs9wn%2bEnn6RLnqll2OCofGE%3d
470,Dayton B,-292,College,Men,Developmental,Ohio Valley,Ohio Dev,0,5,https://play.usaultimate.org/teams/events/Eventteam/?TeamId=YeUFTisVaEatLlCNq2Kk02EBgYlXBv6ZBaz%2bQeR%2bOy8%3d
471,California-Santa Cruz B,-320,College,Men,Developmental,Southwest,Southwest Dev,0,5,https://play.usaultimate.org/teams/events/Eventteam/?TeamId=Ex62RwfJhc5EqgDps3u%2bnfXLzZDmM7TlLqM2wCJlVII%3d
472,Rensselaer Polytech B,-325,College,Men,Developmental,Metro East,Metro East Dev,0,4,https://play.usaultimate.org/teams/events/Eventteam/?TeamId=MLf8wt%2fAqO04IbOENYRswUkKxLT%2f8aJ%2f4Xa%2bdTt3DQQ%3d
473,SUNY-Buffalo B,-338,College,Men,Developmental,Metro East,Metro East Dev,1,12,https://play.usaultimate.org/teams/events/Eventteam/?TeamId=DLefrLJKA6mjaFcSZ3ZvjfaFZPnlGIXZIglFIa8mxr0%3d
474,Pennsylvania-Johnstown B,-342,College,Men,Division III,Ohio Valley,Pennsylvania DIII,0,4,https://play.usaultimate.org/teams/events/Eventteam/?TeamId=OdHV2KZyHIIwIt5AL0qm4cxOnfXnz6Jqsb5SoNxc3f4%3d
475,Cal Poly Pomona B,-347,College,Men,Developmental,Southwest,Southwest Dev,1,4,https://play.usaultimate.org/teams/events/Eventteam/?TeamId=pDG%2bty1NyHBfA%2ffDayy4CDEKOfBVKV8wWp%2bLUcupI90%3d
476,Johns Hopkins B,-349,College,Men,Developmental,Atlantic Coast,Colonial Dev,0,7,https://play.usaultimate.org/teams/events/Eventteam/?TeamId=MCdWJwEmXIChr7y1rmmotXAeEQCSvIbLhCzRo4PIzm0%3d
477,Tufts C,-423,College,Men,Developmental,New England,Metro Boston Dev,2,5,https://play.usaultimate.org/teams/events/Eventteam/?TeamId=YGIQHEm0Jcbw6jrxOFqV7EPr6PR4GyGFAukNzkpLIqg%3d
478,George Mason B,-447,College,Men,Developmental,Atlantic Coast,Southern Atlantic Coast Dev,0,6,https://play.usaultimate.org/teams/events/Eventteam/?TeamId=VF1J5YVMrlaKw7tg6f1m707V0gDFUF28J9nP4DVV%2buA%3d
479,Coe,-459,College,Men,Division III,North Central,West Plains DIII,0,12,https://play.usaultimate.org/teams/events/Eventteam/?TeamId=IRFONB4OMf7qromaglOprnWjAH14EfdqAp6TVeEHtpU%3d
480,West Chester B,-477,College,Men,Developmental,Ohio Valley,Ohio Valley Dev,1,13,https://play.usaultimate.org/teams/events/Eventteam/?TeamId=KFtrEL3e%2fyU5%2fdyC7rrCPB4Vsw49bt7osw5cdGUX7JY%3d
481,St Mary's (Maryland),-509,College,Men,Division III,Atlantic Coast,Northern Atlantic Coast DIII,0,6,https://play.usaultimate.org/teams/events/Eventteam/?TeamId=8XojnipvVlXot4%2fNm6pB6jjB7fDnthegQ1DgmSYo92A%3d
482,American B,-545,College,Men,Developmental,Atlantic Coast,Colonial Dev,1,13,https://play.usaultimate.org/teams/events/Eventteam/?TeamId=8k9dB2vhye6y8%2fRWwSFC2jzbPLr4ED%2bHEuXw9GR4ckE%3d
483,Rhode Island  B,-546,College,Men,Developmental,New England,South New England Dev,1,11,https://play.usaultimate.org/teams/events/Eventteam/?TeamId=whz2qkMzim%2b1xf2uyRfHjPacXmmH1TDM87IGsoAc36Y%3d
484,California-San Diego C,-597,College,Men,Developmental,Southwest,Southwest Dev,0,5,https://play.usaultimate.org/teams/events/Eventteam/?TeamId=UJolTXNjnG88n%2bw0Z%2btxycPJEi7Q4WMw0Hy0YnRR%2bTo%3d
485,Amherst B,-632,College,Men,Developmental,New England,South New England Dev,0,3,https://play.usaultimate.org/teams/events/Eventteam/?TeamId=IDx4M1%2bB0lQXBoH6ozEA8EGz%2bUNr28oHWez6JEDznT4%3d
486,Stevens Tech B,-688,College,Men,Developmental,Metro East,Metro East Dev,0,6,https://play.usaultimate.org/teams/events/Eventteam/?TeamId=T%2fjN6TqCGrvizjhDw9AH5LqQMYoVw1ql73lPa1M0DD0%3d
487,MIT B,-752,College,Men,Developmental,New England,Metro Boston Dev,0,10,https://play.usaultimate.org/teams/events/Eventteam/?TeamId=tAwjoaeyiUps9DeAWNLw8p4vdEcG8bB5TW08eSCRuEQ%3d
488,Boston University B,-758,College,Men,Developmental,New England,Metro Boston Dev,0,5,https://play.usaultimate.org/teams/events/Eventteam/?TeamId=n%2f2wWelS83dPbyWVbMx2rBtGgOj2cSrfRyjs8GYQFSU%3d
