Dartmouth,College,Women,Division I,New England,Greater New England DI,2018-03-07,16,1831,4,1,2018-03-14,12,1937,4,1,2018-03-21,12,1998,4,1,2018-03-28,1,2448,11,1,2018-04-03,1,2414,11,1,2018-06-03,1,2493,31,1
Stanford,College,Women,Division I,Southwest,NorCal DI,2018-03-07,2,2260,20,1,2018-03-14,2,2242,20,1,2018-03-21,2,2352,20,1,2018-03-28,4,2248,24,3,2018-04-03,4,2210,24,3,2018-06-03,2,2258,40,5
North Carolina,College,Women,Division I,Atlantic Coast,Carolina DI,2018-03-07,3,2202,10,0,2018-03-14,5,2162,10,0,2018-03-21,5,2275,11,0,2018-03-28,3,2266,16,1,2018-04-03,2,2260,16,1,2018-06-03,3,2203,31,3
California-San Diego,College,Women,Division I,Southwest,SoCal DI,2018-03-07,1,2314,18,2,2018-03-14,1,2295,18,2,2018-03-21,1,2406,18,2,2018-03-28,2,2286,23,3,2018-04-03,3,2248,22,3,2018-06-03,4,2197,39,5
British Columbia,College,Women,Division I,Northwest,Cascadia DI,2018-03-07,5,2184,5,1,2018-03-14,4,2164,5,1,2018-03-21,4,2276,5,1,2018-03-28,6,2111,9,4,2018-04-03,6,2075,9,4,2018-06-03,5,2118,22,8
Pittsburgh,College,Women,Division I,Ohio Valley,Pennsylvania DI,2018-03-07,10,1996,6,4,2018-03-14,10,1981,6,4,2018-03-21,9,2086,6,4,2018-03-28,11,2010,8,4,2018-04-03,11,1982,7,4,2018-06-03,6,2094,24,6
Oregon,College,Women,Division I,Northwest,Cascadia DI,2018-03-07,4,2187,17,4,2018-03-14,3,2169,17,4,2018-03-21,3,2280,17,4,2018-03-28,5,2161,22,6,2018-04-03,5,2125,20,6,2018-06-03,7,2082,32,10
Texas,College,Women,Division I,South Central,Texas DI,2018-03-07,8,2022,8,8,2018-03-14,8,2004,8,8,2018-03-21,8,2115,8,8,2018-03-28,10,2022,14,8,2018-04-03,10,1993,14,8,2018-06-03,8,2054,27,10
Colorado,College,Women,Division I,South Central,Rocky Mountain DI,2018-03-07,7,2071,10,4,2018-03-14,7,2052,10,4,2018-03-21,7,2162,10,4,2018-03-28,7,2049,15,5,2018-04-03,9,2018,15,5,2018-06-03,9,2047,31,8
Carleton College,College,Women,Division I,North Central,Western North Central DI,2018-03-07,6,2086,8,3,2018-03-14,6,2061,8,3,2018-03-21,6,2169,8,3,2018-03-28,12,1973,11,7,2018-04-03,12,1938,11,7,2018-06-03,10,2003,27,9
Tufts,College,Women,Division I,New England,Metro Boston DI,2018-03-07,9,2006,9,2,2018-03-14,9,1988,9,2,2018-03-21,10,2084,9,2,2018-03-28,9,2043,14,3,2018-04-03,8,2028,13,3,2018-06-03,11,1994,27,7
Ohio State,College,Women,Division I,Ohio Valley,Ohio DI,2018-03-07,12,1918,12,6,2018-03-14,14,1893,12,6,2018-03-21,13,1993,12,6,2018-03-28,13,1954,17,7,2018-04-03,13,1926,16,7,2018-06-03,12,1985,31,10
West Chester,College,Women,Division I,Ohio Valley,Pennsylvania DI,2018-03-07,11,1993,8,2,2018-03-14,11,1948,8,2,2018-03-21,11,2052,8,2,2018-03-28,8,2049,8,2,2018-04-03,7,2033,8,2,2018-06-03,13,1912,20,7
North Carolina State,College,Women,Division I,Atlantic Coast,Carolina DI,2018-03-07,19,1763,8,3,2018-03-14,20,1745,8,3,2018-03-21,19,1862,9,4,2018-03-28,18,1835,9,4,2018-04-03,14,1910,13,4,2018-06-03,14,1852,27,9
Michigan,College,Women,Division I,Great Lakes,Eastern Great Lakes DI,2018-03-07,26,1640,8,8,2018-03-14,26,1618,8,8,2018-03-21,25,1735,8,8,2018-03-28,22,1780,11,12,2018-04-03,20,1762,11,12,2018-06-03,15,1804,24,15
Western Washington,College,Women,Division I,Northwest,Cascadia DI,2018-03-07,18,1796,7,7,2018-03-14,18,1778,7,7,2018-03-21,17,1891,7,7,2018-03-28,15,1897,11,10,2018-04-03,16,1861,11,10,2018-06-03,16,1804,20,18
Brigham Young,College,Women,Division I,Northwest,Big Sky DI,2018-03-07,29,1594,9,2,2018-03-14,30,1574,9,2,2018-03-21,26,1695,9,2,2018-03-28,17,1847,12,4,2018-04-03,18,1806,11,4,2018-06-03,17,1789,15,4
California-Santa Barbara,College,Women,Division I,Southwest,SoCal DI,2018-03-07,14,1860,17,6,2018-03-14,15,1843,17,6,2018-03-21,14,1959,17,6,2018-03-28,16,1875,20,9,2018-04-03,17,1828,17,9,2018-06-03,18,1762,31,17
Whitman,College,Women,Division I,Northwest,Big Sky DI,2018-03-07,21,1749,2,4,2018-03-14,21,1732,2,4,2018-03-21,20,1845,2,4,2018-03-28,14,1936,6,7,2018-04-03,15,1900,6,7,2018-06-03,19,1760,14,14
Vermont,College,Women,Division I,New England,Greater New England DI,2018-03-07,15,1839,5,1,2018-03-14,16,1835,11,1,2018-03-21,15,1916,11,1,2018-03-28,19,1808,13,6,2018-04-03,19,1763,12,6,2018-06-03,20,1718,22,11
Washington University,College,Women,Division I,South Central,Ozarks DI,2018-03-07,23,1666,7,5,2018-03-14,23,1650,7,5,2018-03-21,22,1768,7,5,2018-03-28,25,1671,10,8,2018-04-03,24,1648,10,7,2018-06-03,21,1690,22,10
Northeastern,College,Women,Division I,New England,Metro Boston DI,2018-03-07,N/A,N/A,N/A,N/A,2018-03-14,N/A,N/A,N/A,N/A,2018-03-21,N/A,N/A,N/A,N/A,2018-03-28,29,1601,4,6,2018-04-03,27,1586,4,6,2018-06-03,22,1678,13,10
Minnesota,College,Women,Division I,North Central,Western North Central DI,2018-03-07,20,1763,9,5,2018-03-14,19,1748,9,5,2018-03-21,18,1863,9,5,2018-03-28,21,1786,9,5,2018-04-03,21,1749,9,5,2018-06-03,23,1658,19,8
Florida,College,Women,Division I,Southeast,Florida DI,2018-03-07,35,1525,3,7,2018-03-14,48,1404,7,10,2018-03-21,43,1486,7,10,2018-03-28,27,1617,11,13,2018-04-03,23,1649,11,10,2018-06-03,24,1657,24,16
Clemson,College,Women,Division I,Atlantic Coast,Carolina DI,2018-03-07,34,1547,10,0,2018-03-14,27,1604,10,0,2018-03-21,34,1609,10,0,2018-03-28,36,1566,10,0,2018-04-03,42,1465,10,3,2018-06-03,25,1656,22,7
Washington,College,Women,Division I,Northwest,Cascadia DI,2018-03-07,17,1808,6,8,2018-03-14,17,1789,6,8,2018-03-21,16,1900,6,8,2018-03-28,20,1795,9,12,2018-04-03,22,1749,9,12,2018-06-03,26,1642,16,18
Auburn,College,Women,Division I,Southeast,Gulf Coast DI,2018-03-07,N/A,N/A,N/A,N/A,2018-03-14,35,1528,5,1,2018-03-21,35,1599,5,1,2018-03-28,23,1708,9,1,2018-04-03,N/A,N/A,N/A,N/A,2018-06-03,27,1633,18,2
Colorado College,College,Women,Division I,South Central,Rocky Mountain DI,2018-03-07,27,1618,8,10,2018-03-14,29,1593,8,10,2018-03-21,27,1693,8,10,2018-03-28,32,1589,9,15,2018-04-03,32,1546,9,15,2018-06-03,28,1614,17,18
California,College,Women,Division I,Southwest,NorCal DI,2018-03-07,24,1660,8,12,2018-03-14,24,1642,8,12,2018-03-21,23,1755,8,12,2018-03-28,24,1687,11,15,2018-04-03,25,1647,10,15,2018-06-03,29,1608,21,19
Cal Poly-SLO,College,Women,Division I,Southwest,SoCal DI,2018-03-07,22,1680,9,5,2018-03-14,22,1663,9,5,2018-03-21,21,1780,9,5,2018-03-28,30,1596,11,9,2018-04-03,N/A,N/A,N/A,N/A,2018-06-03,30,1604,20,15
Northwestern,College,Women,Division I,Great Lakes,Illinois DI,2018-03-07,38,1487,6,8,2018-03-14,42,1471,6,8,2018-03-21,37,1590,6,8,2018-03-28,33,1584,9,12,2018-04-03,31,1552,9,12,2018-06-03,31,1598,20,14
Georgia Tech,College,Women,Division I,Southeast,Southern Appalachian DI,2018-03-07,N/A,N/A,N/A,N/A,2018-03-14,36,1527,6,4,2018-03-21,33,1613,6,4,2018-03-28,39,1547,8,8,2018-04-03,34,1525,7,7,2018-06-03,32,1577,17,10
UCLA,College,Women,Division I,Southwest,SoCal DI,2018-03-07,30,1587,5,14,2018-03-14,31,1569,5,14,2018-03-21,29,1681,5,14,2018-03-28,28,1616,9,16,2018-04-03,28,1574,9,16,2018-06-03,33,1564,16,23
Notre Dame,College,Women,Division I,Great Lakes,Eastern Great Lakes DI,2018-03-07,N/A,N/A,N/A,N/A,2018-03-14,37,1523,6,4,2018-03-21,36,1591,6,4,2018-03-28,26,1658,13,4,2018-04-03,26,1640,12,4,2018-06-03,34,1557,20,7
Kennesaw State,College,Women,Division I,Southeast,Southern Appalachian DI,2018-03-07,44,1397,7,4,2018-03-14,47,1418,11,7,2018-03-21,42,1487,11,7,2018-03-28,43,1532,11,7,2018-04-03,N/A,N/A,N/A,N/A,2018-06-03,35,1553,20,8
Wisconsin,College,Women,Division I,North Central,Lake Superior DI,2018-03-07,25,1645,5,5,2018-03-14,25,1632,5,5,2018-03-21,24,1744,5,5,2018-03-28,37,1563,7,9,2018-04-03,40,1507,6,9,2018-06-03,36,1551,16,11
Williams,College,Women,Division III,New England,South New England DIII,2018-03-07,N/A,N/A,N/A,N/A,2018-03-14,N/A,N/A,N/A,N/A,2018-03-21,N/A,N/A,N/A,N/A,2018-03-28,41,1537,5,1,2018-04-03,29,1558,9,2,2018-06-03,37,1510,22,3
Case Western Reserve,College,Women,Division I,Ohio Valley,Ohio DI,2018-03-07,48,1340,4,2,2018-03-14,52,1350,4,2,2018-03-21,45,1457,4,2,2018-03-28,51,1398,10,3,2018-04-03,37,1517,9,2,2018-06-03,38,1493,19,7
Bates,College,Women,Division III,New England,North New England DIII,2018-03-07,N/A,N/A,N/A,N/A,2018-03-14,N/A,N/A,N/A,N/A,2018-03-21,N/A,N/A,N/A,N/A,2018-03-28,48,1427,7,0,2018-04-03,30,1554,13,0,2018-06-03,39,1464,23,2
Georgia,College,Women,Division I,Southeast,Southern Appalachian DI,2018-03-07,43,1462,12,6,2018-03-14,39,1493,12,6,2018-03-21,39,1564,12,6,2018-03-28,40,1546,12,6,2018-04-03,41,1485,14,9,2018-06-03,40,1459,23,14
Virginia,College,Women,Division I,Atlantic Coast,Virginia DI,2018-03-07,53,1256,7,9,2018-03-14,55,1303,7,9,2018-03-21,54,1359,7,10,2018-03-28,64,1320,9,14,2018-04-03,58,1301,9,14,2018-06-03,41,1445,21,16
Harvard,College,Women,Division I,New England,Metro Boston DI,2018-03-07,N/A,N/A,N/A,N/A,2018-03-14,65,1191,3,4,2018-03-21,61,1262,3,4,2018-03-28,46,1489,10,4,2018-04-03,46,1395,7,2,2018-06-03,42,1443,16,10
Duke,College,Women,Division I,Atlantic Coast,Carolina DI,2018-03-07,45,1392,10,3,2018-03-14,49,1392,10,3,2018-03-21,44,1478,10,3,2018-03-28,47,1438,10,3,2018-04-03,45,1396,14,6,2018-06-03,43,1440,21,10
North Carolina-Wilmington,College,Women,Division I,Atlantic Coast,Carolina DI,2018-03-07,36,1523,11,6,2018-03-14,46,1429,15,9,2018-03-21,40,1506,15,9,2018-03-28,45,1501,15,9,2018-04-03,39,1511,19,11,2018-06-03,44,1439,27,16
Southern California,College,Women,Division I,Southwest,SoCal DI,2018-03-07,31,1583,9,10,2018-03-14,32,1565,9,10,2018-03-21,28,1682,9,10,2018-03-28,38,1547,10,15,2018-04-03,38,1512,10,14,2018-06-03,45,1426,18,19
Iowa State,College,Women,Division I,North Central,Western North Central DI,2018-03-07,42,1463,7,8,2018-03-14,44,1446,7,8,2018-03-21,38,1571,7,8,2018-03-28,50,1410,8,13,2018-04-03,51,1366,8,13,2018-06-03,46,1424,15,18
Colorado State,College,Women,Division I,South Central,Rocky Mountain DI,2018-03-07,33,1552,8,5,2018-03-14,34,1537,8,5,2018-03-21,31,1654,8,5,2018-03-28,42,1533,10,9,2018-04-03,36,1518,10,8,2018-06-03,47,1420,14,15
Connecticut,College,Women,Division I,Metro East,Eastern Metro East DI,2018-03-07,N/A,N/A,N/A,N/A,2018-03-14,N/A,N/A,N/A,N/A,2018-03-21,N/A,N/A,N/A,N/A,2018-03-28,56,1359,5,2,2018-04-03,N/A,N/A,N/A,N/A,2018-06-03,48,1410,22,4
Penn State,College,Women,Division I,Ohio Valley,Pennsylvania DI,2018-03-07,39,1484,5,5,2018-03-14,43,1467,5,5,2018-03-21,32,1621,11,5,2018-03-28,31,1592,11,5,2018-04-03,33,1535,6,4,2018-06-03,49,1388,12,11
St Olaf,College,Women,Division III,North Central,North Central DIII,2018-03-07,91,823,1,5,2018-03-14,102,811,1,5,2018-03-21,89,967,1,5,2018-03-28,93,1063,5,6,2018-04-03,93,1045,4,6,2018-06-03,50,1378,16,7
Ottawa,College,Women,Division I,Metro East,Western NY DI,2018-03-07,N/A,N/A,N/A,N/A,2018-03-14,N/A,N/A,N/A,N/A,2018-03-21,N/A,N/A,N/A,N/A,2018-03-28,44,1531,5,1,2018-04-03,N/A,N/A,N/A,N/A,2018-06-03,51,1369,15,3
South Carolina,College,Women,Division I,Atlantic Coast,Carolina DI,2018-03-07,50,1326,11,4,2018-03-14,50,1378,11,4,2018-03-21,48,1417,11,4,2018-03-28,54,1369,11,4,2018-04-03,44,1408,7,2,2018-06-03,52,1369,14,8
Pennsylvania,College,Women,Division I,Ohio Valley,Pennsylvania DI,2018-03-07,65,1131,3,2,2018-03-14,68,1169,3,2,2018-03-21,62,1239,7,4,2018-03-28,74,1227,7,4,2018-04-03,68,1210,6,4,2018-06-03,53,1368,12,12
Utah,College,Women,Division I,Northwest,Big Sky DI,2018-03-07,60,1183,9,3,2018-03-14,69,1168,9,3,2018-03-21,56,1313,9,3,2018-03-28,57,1357,11,7,2018-04-03,54,1340,10,7,2018-06-03,54,1360,16,12
Victoria,College,Women,Division I,Northwest,Cascadia DI,2018-03-07,32,1577,3,4,2018-03-14,33,1560,3,4,2018-03-21,30,1675,3,4,2018-03-28,35,1575,5,8,2018-04-03,35,1519,5,8,2018-06-03,55,1346,9,16
Kansas,College,Women,Division I,South Central,Ozarks DI,2018-03-07,46,1353,13,7,2018-03-14,53,1322,13,7,2018-03-21,46,1454,13,7,2018-03-28,49,1410,13,7,2018-04-03,50,1367,11,7,2018-06-03,56,1342,20,12
Massachusetts,College,Women,Division I,New England,Greater New England DI,2018-03-07,64,1147,4,2,2018-03-14,62,1213,9,2,2018-03-21,60,1273,9,2,2018-03-28,75,1225,9,2,2018-04-03,65,1219,8,2,2018-06-03,57,1307,15,9
Florida State,College,Women,Division I,Southeast,Florida DI,2018-03-07,41,1470,5,1,2018-03-14,45,1434,10,3,2018-03-21,50,1397,13,4,2018-03-28,52,1391,13,4,2018-04-03,47,1390,8,1,2018-06-03,58,1307,15,8
Chicago,College,Women,Division I,Great Lakes,Illinois DI,2018-03-07,58,1203,5,12,2018-03-14,66,1187,5,12,2018-03-21,57,1306,5,12,2018-03-28,73,1228,5,12,2018-04-03,71,1170,5,12,2018-06-03,59,1281,13,16
Texas Christian,College,Women,Division I,South Central,Texas DI,2018-03-07,N/A,N/A,N/A,N/A,2018-03-14,N/A,N/A,N/A,N/A,2018-03-21,N/A,N/A,N/A,N/A,2018-03-28,78,1150,4,2,2018-04-03,87,1066,7,3,2018-06-03,60,1261,14,7
Columbia,College,Women,Division I,Metro East,Eastern Metro East DI,2018-03-07,59,1190,5,1,2018-03-14,59,1239,5,1,2018-03-21,59,1277,5,1,2018-03-28,66,1297,9,4,2018-04-03,57,1317,9,2,2018-06-03,61,1247,20,7
Wesleyan,College,Women,Division III,Metro East,Eastern Metro East DIII,2018-03-07,N/A,N/A,N/A,N/A,2018-03-14,N/A,N/A,N/A,N/A,2018-03-21,N/A,N/A,N/A,N/A,2018-03-28,N/A,N/A,N/A,N/A,2018-04-03,63,1238,8,2,2018-06-03,62,1247,19,5
San Diego State,College,Women,Division I,Southwest,SoCal DI,2018-03-07,83,953,8,6,2018-03-14,87,939,8,6,2018-03-21,81,1083,8,6,2018-03-28,70,1284,14,7,2018-04-03,67,1214,11,7,2018-06-03,63,1245,17,14
James Madison,College,Women,Division I,Atlantic Coast,Virginia DI,2018-03-07,66,1125,8,4,2018-03-14,70,1152,8,4,2018-03-21,66,1197,13,6,2018-03-28,77,1170,13,6,2018-04-03,72,1161,12,6,2018-06-03,64,1243,20,11
Lehigh,College,Women,Division III,Ohio Valley,Pennsylvania DIII,2018-03-07,N/A,N/A,N/A,N/A,2018-03-14,N/A,N/A,N/A,N/A,2018-03-21,N/A,N/A,N/A,N/A,2018-03-28,69,1284,7,4,2018-04-03,49,1371,9,1,2018-06-03,65,1238,27,7
Central Florida,College,Women,Division I,Southeast,Florida DI,2018-03-07,61,1179,13,6,2018-03-14,60,1233,13,6,2018-03-21,53,1368,18,6,2018-03-28,59,1340,18,6,2018-04-03,N/A,N/A,N/A,N/A,2018-06-03,66,1236,26,9
Puget Sound,College,Women,Division III,Northwest,Northwest DIII,2018-03-07,75,1027,6,6,2018-03-14,81,1013,6,6,2018-03-21,70,1164,6,6,2018-03-28,61,1332,12,6,2018-04-03,52,1356,9,6,2018-06-03,67,1232,19,8
Cornell,College,Women,Division I,Metro East,Western NY DI,2018-03-07,N/A,N/A,N/A,N/A,2018-03-14,N/A,N/A,N/A,N/A,2018-03-21,N/A,N/A,N/A,N/A,2018-03-28,94,1057,4,8,2018-04-03,99,1002,6,12,2018-06-03,68,1212,18,19
Arizona,College,Women,Division I,Southwest,Desert DI,2018-03-07,49,1333,7,6,2018-03-14,54,1318,7,6,2018-03-21,47,1440,7,6,2018-03-28,58,1344,12,8,2018-04-03,60,1281,11,7,2018-06-03,69,1210,14,12
Rensselaer Polytech,College,Women,Division III,Metro East,Eastern Metro East DIII,2018-03-07,N/A,N/A,N/A,N/A,2018-03-14,N/A,N/A,N/A,N/A,2018-03-21,N/A,N/A,N/A,N/A,2018-03-28,N/A,N/A,N/A,N/A,2018-04-03,N/A,N/A,N/A,N/A,2018-06-03,70,1207,18,7
Emory,College,Women,Division I,Southeast,Southern Appalachian DI,2018-03-07,92,822,10,3,2018-03-14,96,867,10,3,2018-03-21,92,919,10,3,2018-03-28,100,1025,10,3,2018-04-03,55,1334,9,2,2018-06-03,71,1179,16,8
Boston College,College,Women,Division I,New England,Metro Boston DI,2018-03-07,N/A,N/A,N/A,N/A,2018-03-14,N/A,N/A,N/A,N/A,2018-03-21,N/A,N/A,N/A,N/A,2018-03-28,60,1336,4,6,2018-04-03,62,1257,4,6,2018-06-03,72,1176,8,13
Mount Holyoke,College,Women,Division III,New England,South New England DIII,2018-03-07,N/A,N/A,N/A,N/A,2018-03-14,N/A,N/A,N/A,N/A,2018-03-21,N/A,N/A,N/A,N/A,2018-03-28,34,1576,6,1,2018-04-03,70,1184,7,1,2018-06-03,73,1174,21,6
California-Davis,College,Women,Division I,Southwest,NorCal DI,2018-03-07,51,1312,9,16,2018-03-14,56,1295,9,16,2018-03-21,49,1416,9,16,2018-03-28,53,1376,9,16,2018-04-03,56,1333,9,16,2018-06-03,74,1171,15,23
Oberlin,College,Women,Division III,Ohio Valley,Ohio DIII,2018-03-07,N/A,N/A,N/A,N/A,2018-03-14,N/A,N/A,N/A,N/A,2018-03-21,N/A,N/A,N/A,N/A,2018-03-28,63,1324,9,2,2018-04-03,48,1383,9,2,2018-06-03,75,1167,24,4
Boston University,College,Women,Division I,New England,Metro Boston DI,2018-03-07,N/A,N/A,N/A,N/A,2018-03-14,N/A,N/A,N/A,N/A,2018-03-21,N/A,N/A,N/A,N/A,2018-03-28,68,1287,6,3,2018-04-03,61,1273,11,6,2018-06-03,76,1162,13,13
Maryland,College,Women,Division I,Atlantic Coast,Colonial DI,2018-03-07,73,1043,9,3,2018-03-14,74,1086,9,3,2018-03-21,73,1142,12,6,2018-03-28,87,1112,12,6,2018-04-03,82,1090,12,6,2018-06-03,77,1158,20,10
Denver,College,Women,Division I,South Central,Rocky Mountain DI,2018-03-07,70,1063,8,4,2018-03-14,78,1033,8,4,2018-03-21,71,1163,8,4,2018-03-28,84,1117,8,4,2018-04-03,96,1030,15,4,2018-06-03,78,1146,20,10
Georgia College,College,Women,Division III,Southeast,Southeast DIII,2018-03-07,79,984,8,4,2018-03-14,76,1058,8,4,2018-03-21,74,1128,8,4,2018-03-28,88,1097,8,4,2018-04-03,74,1133,8,3,2018-06-03,79,1127,12,7
Amherst,College,Women,Division III,New England,South New England DIII,2018-03-07,N/A,N/A,N/A,N/A,2018-03-14,N/A,N/A,N/A,N/A,2018-03-21,N/A,N/A,N/A,N/A,2018-03-28,N/A,N/A,N/A,N/A,2018-04-03,43,1437,7,3,2018-06-03,80,1116,14,11
Vanderbilt,College,Women,Division I,Southeast,Gulf Coast DI,2018-03-07,N/A,N/A,N/A,N/A,2018-03-14,N/A,N/A,N/A,N/A,2018-03-21,N/A,N/A,N/A,N/A,2018-03-28,N/A,N/A,N/A,N/A,2018-04-03,101,995,6,2,2018-06-03,81,1112,14,7
Iowa,College,Women,Division I,North Central,Western North Central DI,2018-03-07,71,1048,4,8,2018-03-14,77,1050,4,8,2018-03-21,69,1164,4,8,2018-03-28,82,1136,4,8,2018-04-03,79,1105,2,6,2018-06-03,82,1105,10,13
Georgetown,College,Women,Division I,Atlantic Coast,Colonial DI,2018-03-07,87,879,3,10,2018-03-14,91,907,3,10,2018-03-21,78,1110,8,12,2018-03-28,90,1087,8,14,2018-04-03,89,1061,8,14,2018-06-03,83,1099,16,18
Purdue,College,Women,Division I,Great Lakes,Eastern Great Lakes DI,2018-03-07,90,829,4,2,2018-03-14,101,824,4,2,2018-03-21,85,1022,4,2,2018-03-28,83,1125,7,6,2018-04-03,73,1136,6,6,2018-06-03,84,1081,14,10
Brown,College,Women,Division I,New England,Greater New England DI,2018-03-07,67,1109,4,3,2018-03-14,73,1094,4,3,2018-03-21,64,1233,4,3,2018-03-28,72,1254,9,3,2018-04-03,64,1223,8,3,2018-06-03,85,1074,12,7
Brandeis,College,Women,Division III,New England,Metro Boston DIII,2018-03-07,N/A,N/A,N/A,N/A,2018-03-14,N/A,N/A,N/A,N/A,2018-03-21,65,1226,5,1,2018-03-28,85,1115,7,6,2018-04-03,80,1098,7,5,2018-06-03,86,1074,12,9
Carleton University,College,Women,Division I,,,2018-03-07,N/A,N/A,N/A,N/A,2018-03-14,N/A,N/A,N/A,N/A,2018-03-21,N/A,N/A,N/A,N/A,2018-03-28,65,1313,4,3,2018-04-03,N/A,N/A,N/A,N/A,2018-06-03,87,1072,4,3
Chico State,College,Women,Division I,Southwest,NorCal DI,2018-03-07,78,989,4,9,2018-03-14,85,974,4,9,2018-03-21,79,1108,4,9,2018-03-28,98,1040,7,13,2018-04-03,102,971,6,13,2018-06-03,88,1068,13,21
Bowdoin,College,Women,Division III,New England,North New England DIII,2018-03-07,N/A,N/A,N/A,N/A,2018-03-14,N/A,N/A,N/A,N/A,2018-03-21,N/A,N/A,N/A,N/A,2018-03-28,N/A,N/A,N/A,N/A,2018-04-03,75,1131,5,5,2018-06-03,89,1064,8,9
Texas State,College,Women,Division I,South Central,Texas DI,2018-03-07,N/A,N/A,N/A,N/A,2018-03-14,N/A,N/A,N/A,N/A,2018-03-21,N/A,N/A,N/A,N/A,2018-03-28,97,1044,4,2,2018-04-03,77,1113,6,2,2018-06-03,90,1063,11,9
Arizona State,College,Women,Division I,Southwest,Desert DI,2018-03-07,107,719,8,4,2018-03-14,115,705,8,4,2018-03-21,102,852,8,4,2018-03-28,91,1076,14,6,2018-04-03,97,1023,10,5,2018-06-03,91,1058,15,11
LSU,College,Women,Division I,Southeast,Gulf Coast DI,2018-03-07,94,795,5,1,2018-03-14,94,882,8,5,2018-03-21,93,914,8,5,2018-03-28,110,960,8,5,2018-04-03,92,1052,8,4,2018-06-03,92,1052,13,12
Northern Arizona,College,Women,Division I,Southwest,Desert DI,2018-03-07,150,202,3,2,2018-03-14,165,189,3,2,2018-03-21,150,335,3,2,2018-03-28,89,1089,8,4,2018-04-03,88,1063,6,3,2018-06-03,93,1046,9,9
Middlebury,College,Women,Division III,New England,North New England DIII,2018-03-07,N/A,N/A,N/A,N/A,2018-03-14,N/A,N/A,N/A,N/A,2018-03-21,N/A,N/A,N/A,N/A,2018-03-28,N/A,N/A,N/A,N/A,2018-04-03,98,1019,7,3,2018-06-03,94,1038,9,9
Illinois,College,Women,Division I,Great Lakes,Illinois DI,2018-03-07,56,1220,2,3,2018-03-14,64,1202,2,3,2018-03-21,55,1322,2,3,2018-03-28,76,1214,2,3,2018-04-03,107,931,6,7,2018-06-03,95,1029,13,14
Tennessee-Chattanooga,College,Women,Division I,Southeast,Southern Appalachian DI,2018-03-07,153,186,4,3,2018-03-14,162,234,4,3,2018-03-21,156,304,7,3,2018-03-28,178,457,7,3,2018-04-03,103,960,7,3,2018-06-03,96,1019,10,6
Towson,College,Women,Division I,Atlantic Coast,Colonial DI,2018-03-07,13,1916,6,0,2018-03-14,13,1916,6,0,2018-03-21,103,849,6,0,2018-03-28,55,1361,10,3,2018-04-03,N/A,N/A,N/A,N/A,2018-06-03,97,1019,17,9
John Brown,College,Women,Division III,South Central,South Central DIII,2018-03-07,76,1005,5,2,2018-03-14,83,981,9,2,2018-03-21,72,1159,9,2,2018-03-28,80,1146,9,2,2018-04-03,81,1095,7,2,2018-06-03,98,1018,13,4
Ball State,College,Women,Division I,Great Lakes,Eastern Great Lakes DI,2018-03-07,N/A,N/A,N/A,N/A,2018-03-14,N/A,N/A,N/A,N/A,2018-03-21,84,1025,7,0,2018-03-28,107,993,12,2,2018-04-03,91,1053,12,2,2018-06-03,99,1016,17,4
California-Santa Cruz,College,Women,Division I,Southwest,NorCal DI,2018-03-07,74,1042,10,8,2018-03-14,80,1027,10,8,2018-03-21,68,1173,10,8,2018-03-28,79,1146,10,8,2018-04-03,85,1082,7,8,2018-06-03,100,1013,14,17
Wisconsin-Eau Claire,College,Women,Division I,North Central,Lake Superior DI,2018-03-07,121,575,3,3,2018-03-14,130,595,3,3,2018-03-21,88,1001,8,5,2018-03-28,105,998,8,5,2018-04-03,94,1042,7,4,2018-06-03,101,1010,13,10
MIT,College,Women,Division I,New England,Metro Boston DI,2018-03-07,81,964,3,3,2018-03-14,82,1003,3,3,2018-03-21,83,1064,3,3,2018-03-28,114,914,3,9,2018-04-03,117,839,2,9,2018-06-03,102,1008,5,18
Appalachian State,College,Women,Division I,Atlantic Coast,Carolina DI,2018-03-07,N/A,N/A,N/A,N/A,2018-03-14,N/A,N/A,N/A,N/A,2018-03-21,118,702,3,7,2018-03-28,154,663,3,7,2018-04-03,N/A,N/A,N/A,N/A,2018-06-03,103,1005,4,6
Mississippi,College,Women,Division I,Southeast,Gulf Coast DI,2018-03-07,98,785,5,1,2018-03-14,100,830,5,1,2018-03-21,98,880,5,1,2018-03-28,103,1004,7,3,2018-04-03,53,1350,7,1,2018-06-03,104,1000,10,9
Alabama,College,Women,Division I,Southeast,Gulf Coast DI,2018-03-07,132,459,9,4,2018-03-14,138,517,9,4,2018-03-21,133,568,9,4,2018-03-28,133,765,10,6,2018-04-03,76,1130,10,5,2018-06-03,105,997,14,9
Boise State,College,Women,Division I,Northwest,Big Sky DI,2018-03-07,63,1165,8,3,2018-03-14,71,1151,8,3,2018-03-21,58,1302,8,3,2018-03-28,62,1331,8,3,2018-04-03,59,1297,7,3,2018-06-03,106,994,11,10
Rochester,College,Women,Division I,Metro East,Western NY DI,2018-03-07,N/A,N/A,N/A,N/A,2018-03-14,N/A,N/A,N/A,N/A,2018-03-21,N/A,N/A,N/A,N/A,2018-03-28,143,714,1,5,2018-04-03,100,995,5,6,2018-06-03,107,979,9,9
Pacific Lutheran,College,Women,Division III,Northwest,Northwest DIII,2018-03-07,72,1047,5,6,2018-03-14,79,1033,5,6,2018-03-21,67,1190,5,6,2018-03-28,71,1257,9,8,2018-04-03,66,1215,7,8,2018-06-03,108,954,11,14
Princeton,College,Women,Division I,Metro East,Eastern Metro East DI,2018-03-07,85,913,2,3,2018-03-14,88,939,2,3,2018-03-21,86,1013,2,3,2018-03-28,108,982,2,3,2018-04-03,90,1054,7,3,2018-06-03,109,954,15,9
Nebraska,College,Women,Division I,North Central,Western North Central DI,2018-03-07,84,932,5,2,2018-03-14,90,916,5,2,2018-03-21,77,1116,5,2,2018-03-28,86,1113,5,2,2018-04-03,106,941,10,4,2018-06-03,110,946,12,10
Winona State,College,Women,Division III,North Central,North Central DIII,2018-03-07,152,188,3,4,2018-03-14,161,240,3,4,2018-03-21,159,292,3,4,2018-03-28,177,459,3,4,2018-04-03,N/A,N/A,N/A,N/A,2018-06-03,111,927,7,6
Texas-Dallas,College,Women,Division I,South Central,Texas DI,2018-03-07,140,318,4,3,2018-03-14,152,323,4,3,2018-03-21,135,559,4,3,2018-03-28,141,721,9,4,2018-04-03,121,805,7,3,2018-06-03,112,924,12,9
SUNY-Albany,College,Women,Division I,Metro East,Eastern Metro East DI,2018-03-07,N/A,N/A,N/A,N/A,2018-03-14,N/A,N/A,N/A,N/A,2018-03-21,N/A,N/A,N/A,N/A,2018-03-28,N/A,N/A,N/A,N/A,2018-04-03,78,1110,6,3,2018-06-03,113,918,13,9
Mississippi State,College,Women,Division I,Southeast,Gulf Coast DI,2018-03-07,126,540,6,6,2018-03-14,134,570,6,6,2018-03-21,127,626,6,6,2018-03-28,147,697,6,9,2018-04-03,105,950,6,6,2018-06-03,114,914,11,15
Portland State,College,Women,Division I,Northwest,Cascadia DI,2018-03-07,88,867,8,6,2018-03-14,97,853,8,6,2018-03-21,87,1007,8,6,2018-03-28,106,995,8,6,2018-04-03,N/A,N/A,N/A,N/A,2018-06-03,115,910,6,10
California-Irvine,College,Women,Division I,Southwest,SoCal DI,2018-03-07,123,557,1,4,2018-03-14,136,543,1,4,2018-03-21,121,684,1,4,2018-03-28,104,999,6,6,2018-04-03,N/A,N/A,N/A,N/A,2018-06-03,116,907,3,4
Dayton,College,Women,Division I,Ohio Valley,Ohio DI,2018-03-07,54,1237,4,2,2018-03-14,51,1377,4,2,2018-03-21,51,1377,4,2,2018-03-28,116,906,7,6,2018-04-03,114,880,6,6,2018-06-03,117,903,11,9
California-San Diego B,College,Women,Developmental,Southwest,Southwest Dev,2018-03-07,117,628,2,5,2018-03-14,129,614,2,5,2018-03-21,113,758,2,5,2018-03-28,113,928,4,8,2018-04-03,113,883,4,7,2018-06-03,118,896,12,12
Carnegie Mellon,College,Women,Division I,Ohio Valley,Pennsylvania DI,2018-03-07,N/A,N/A,N/A,N/A,2018-03-14,N/A,N/A,N/A,N/A,2018-03-21,N/A,N/A,N/A,N/A,2018-03-28,101,1023,5,2,2018-04-03,109,904,8,4,2018-06-03,119,868,12,10
SUNY-Geneseo,College,Women,Division III,Metro East,Western NY DIII,2018-03-07,N/A,N/A,N/A,N/A,2018-03-14,N/A,N/A,N/A,N/A,2018-03-21,N/A,N/A,N/A,N/A,2018-03-28,N/A,N/A,N/A,N/A,2018-04-03,131,730,4,6,2018-06-03,120,848,13,10
SUNY-Binghamton,College,Women,Division I,Metro East,Western NY DI,2018-03-07,N/A,N/A,N/A,N/A,2018-03-14,N/A,N/A,N/A,N/A,2018-03-21,N/A,N/A,N/A,N/A,2018-03-28,95,1057,5,4,2018-04-03,N/A,N/A,N/A,N/A,2018-06-03,121,846,8,7
George Washington,College,Women,Division I,Atlantic Coast,Colonial DI,2018-03-07,28,1603,5,1,2018-03-14,28,1603,5,1,2018-03-21,138,536,5,1,2018-03-28,81,1143,10,2,2018-04-03,69,1201,10,1,2018-06-03,122,845,15,10
Santa Clara,College,Women,Division I,Southwest,NorCal DI,2018-03-07,95,789,8,4,2018-03-14,107,776,8,4,2018-03-21,90,940,8,4,2018-03-28,124,814,11,8,2018-04-03,N/A,N/A,N/A,N/A,2018-06-03,123,845,14,16
Arkansas,College,Women,Division I,South Central,Ozarks DI,2018-03-07,93,809,3,4,2018-03-14,125,634,4,7,2018-03-21,107,810,4,7,2018-03-28,129,797,4,7,2018-04-03,N/A,N/A,N/A,N/A,2018-06-03,124,833,11,15
North Park,College,Women,Division III,Great Lakes,Great Lakes DIII,2018-03-07,86,904,4,3,2018-03-14,92,894,4,3,2018-03-21,82,1074,4,3,2018-03-28,136,748,8,6,2018-04-03,130,741,8,6,2018-06-03,125,827,15,10
New Hampshire,College,Women,Division I,New England,Greater New England DI,2018-03-07,N/A,N/A,N/A,N/A,2018-03-14,N/A,N/A,N/A,N/A,2018-03-21,N/A,N/A,N/A,N/A,2018-03-28,N/A,N/A,N/A,N/A,2018-04-03,N/A,N/A,N/A,N/A,2018-06-03,126,823,7,13
Carleton College-Eclipse,College,Women,Division III,North Central,North Central DIII,2018-03-07,112,680,7,5,2018-03-14,121,674,7,5,2018-03-21,94,909,11,9,2018-03-28,115,908,11,9,2018-04-03,111,899,8,7,2018-06-03,127,817,12,10
NYU,College,Women,Division I,Metro East,Eastern Metro East DI,2018-03-07,N/A,N/A,N/A,N/A,2018-03-14,N/A,N/A,N/A,N/A,2018-03-21,N/A,N/A,N/A,N/A,2018-03-28,N/A,N/A,N/A,N/A,2018-04-03,N/A,N/A,N/A,N/A,2018-06-03,128,813,9,11
West Virginia,College,Women,Division I,Ohio Valley,Pennsylvania DI,2018-03-07,37,1490,4,2,2018-03-14,40,1490,4,2,2018-03-21,145,423,4,2,2018-03-28,99,1039,9,3,2018-04-03,84,1084,9,2,2018-06-03,129,812,12,6
Truman State,College,Women,Division III,South Central,South Central DIII,2018-03-07,131,488,5,2,2018-03-14,140,497,5,2,2018-03-21,114,749,5,2,2018-03-28,118,862,5,2,2018-04-03,134,704,6,8,2018-06-03,130,803,11,11
Rutgers,College,Women,Division I,Metro East,Eastern Metro East DI,2018-03-07,40,1479,3,3,2018-03-14,41,1479,3,3,2018-03-21,147,412,3,3,2018-03-28,102,1019,3,3,2018-04-03,112,896,5,5,2018-06-03,131,793,10,13
Colorado B,College,Women,Developmental,South Central,Rocky Mountain DI,2018-03-07,69,1090,2,3,2018-03-14,75,1065,2,3,2018-03-21,76,1122,2,3,2018-03-28,146,698,5,5,2018-04-03,124,784,4,5,2018-06-03,132,785,4,14
William & Mary,College,Women,Division I,Atlantic Coast,Virginia DI,2018-03-07,104,729,6,7,2018-03-14,104,791,6,7,2018-03-21,105,820,8,9,2018-03-28,128,798,8,9,2018-04-03,120,807,8,8,2018-06-03,133,783,13,16
Lewis & Clark,College,Women,Division III,Northwest,Northwest DIII,2018-03-07,97,788,10,7,2018-03-14,108,774,10,7,2018-03-21,91,928,10,7,2018-03-28,111,960,10,7,2018-04-03,108,926,5,3,2018-06-03,134,777,9,7
Liberty,College,Women,Division I,Atlantic Coast,Virginia DI,2018-03-07,115,650,4,9,2018-03-14,113,717,7,11,2018-03-21,111,768,7,11,2018-03-28,139,736,7,11,2018-04-03,132,718,7,10,2018-06-03,135,775,12,16
Oregon State,College,Women,Division I,Northwest,Cascadia DI,2018-03-07,55,1235,10,2,2018-03-14,61,1221,10,2,2018-03-21,52,1376,10,2,2018-03-28,92,1071,10,7,2018-04-03,86,1074,7,5,2018-06-03,136,775,8,11
Ohio,College,Women,Division I,Ohio Valley,Ohio DI,2018-03-07,47,1352,4,1,2018-03-14,38,1493,4,1,2018-03-21,41,1493,4,1,2018-03-28,112,938,4,1,2018-04-03,125,781,5,3,2018-06-03,137,771,8,7
Catholic,College,Women,Division III,Atlantic Coast,Atlantic Coast DIII,2018-03-07,122,562,6,5,2018-03-14,126,629,6,5,2018-03-21,122,677,6,5,2018-03-28,161,577,6,5,2018-04-03,147,577,5,4,2018-06-03,138,763,11,10
Tennessee,College,Women,Division I,Southeast,Southern Appalachian DI,2018-03-07,106,721,2,4,2018-03-14,114,712,2,4,2018-03-21,109,791,2,4,2018-03-28,125,810,2,4,2018-04-03,N/A,N/A,N/A,N/A,2018-06-03,139,762,5,11
Baylor,College,Women,Division I,South Central,Texas DI,2018-03-07,N/A,N/A,N/A,N/A,2018-03-14,N/A,N/A,N/A,N/A,2018-03-21,N/A,N/A,N/A,N/A,2018-03-28,148,685,4,2,2018-04-03,139,641,4,4,2018-06-03,140,757,7,7
Rice,College,Women,Division III,South Central,South Central DIII,2018-03-07,N/A,N/A,N/A,N/A,2018-03-14,N/A,N/A,N/A,N/A,2018-03-21,N/A,N/A,N/A,N/A,2018-03-28,207,242,2,4,2018-04-03,149,563,5,4,2018-06-03,141,755,12,8
American,College,Women,Division I,Atlantic Coast,Colonial DI,2018-03-07,57,1203,3,3,2018-03-14,63,1203,3,3,2018-03-21,171,137,3,3,2018-03-28,120,855,6,3,2018-04-03,95,1031,10,3,2018-06-03,142,747,15,10
Claremont,College,Women,Division III,Southwest,SoCal DI,2018-03-07,82,953,2,4,2018-03-14,89,939,2,4,2018-03-21,80,1089,2,4,2018-03-28,96,1056,5,7,2018-04-03,83,1084,4,6,2018-06-03,143,739,6,15
Alabama-Birmingham,College,Women,Division I,Southeast,Gulf Coast DI,2018-03-07,162,46,3,5,2018-03-14,169,97,3,5,2018-03-21,172,135,5,6,2018-03-28,196,297,5,6,2018-04-03,122,801,5,6,2018-06-03,144,737,7,11
Cal State-Long Beach,College,Women,Division I,Southwest,SoCal DI,2018-03-07,113,651,4,2,2018-03-14,124,638,4,2,2018-03-21,108,794,4,2,2018-03-28,121,839,6,6,2018-04-03,115,874,6,4,2018-06-03,145,734,8,9
Wisconsin-La Crosse,College,Women,Division I,North Central,Lake Superior DI,2018-03-07,N/A,N/A,N/A,N/A,2018-03-14,N/A,N/A,N/A,N/A,2018-03-21,N/A,N/A,N/A,N/A,2018-03-28,N/A,N/A,N/A,N/A,2018-04-03,N/A,N/A,N/A,N/A,2018-06-03,146,731,4,9
Colby,College,Women,Division III,New England,North New England DIII,2018-03-07,62,1176,4,1,2018-03-14,67,1176,4,1,2018-03-21,129,590,4,1,2018-03-28,127,803,4,1,2018-04-03,126,770,6,4,2018-06-03,147,730,6,6
Air Force,College,Women,Division III,South Central,South Central DIII,2018-03-07,77,990,2,3,2018-03-14,86,963,2,3,2018-03-21,96,895,7,5,2018-03-28,126,804,7,5,2018-04-03,116,847,7,5,2018-06-03,148,724,9,9
Northern Iowa,College,Women,Division I,North Central,Western North Central DI,2018-03-07,N/A,N/A,N/A,N/A,2018-03-14,N/A,N/A,N/A,N/A,2018-03-21,N/A,N/A,N/A,N/A,2018-03-28,N/A,N/A,N/A,N/A,2018-04-03,N/A,N/A,N/A,N/A,2018-06-03,149,714,2,6
Grinnell College,College,Women,Division III,North Central,North Central DIII,2018-03-07,135,412,5,2,2018-03-14,146,416,5,2,2018-03-21,123,673,10,4,2018-03-28,150,680,10,4,2018-04-03,128,753,9,3,2018-06-03,150,713,10,3
UCLA B,College,Women,Developmental,Southwest,Southwest Dev,2018-03-07,136,391,2,4,2018-03-14,148,378,2,4,2018-03-21,139,530,2,4,2018-03-28,151,672,2,4,2018-04-03,N/A,N/A,N/A,N/A,2018-06-03,151,707,6,6
Richmond,College,Women,Division III,Atlantic Coast,Atlantic Coast DIII,2018-03-07,127,530,3,3,2018-03-14,132,576,3,3,2018-03-21,137,546,3,3,2018-03-28,157,619,6,4,2018-04-03,138,645,6,4,2018-06-03,152,705,11,5
Yale,College,Women,Division I,Metro East,Eastern Metro East DI,2018-03-07,N/A,N/A,N/A,N/A,2018-03-14,N/A,N/A,N/A,N/A,2018-03-21,N/A,N/A,N/A,N/A,2018-03-28,N/A,N/A,N/A,N/A,2018-04-03,110,904,4,7,2018-06-03,153,704,7,12
Michigan State,College,Women,Division I,Great Lakes,Eastern Great Lakes DI,2018-03-07,119,606,6,6,2018-03-14,123,656,6,6,2018-03-21,112,764,6,6,2018-03-28,131,771,10,9,2018-04-03,123,785,10,8,2018-06-03,154,698,13,18
Humboldt State,College,Women,Division I,Southwest,NorCal DI,2018-03-07,120,583,2,10,2018-03-14,133,571,2,10,2018-03-21,115,743,2,10,2018-03-28,135,753,2,10,2018-04-03,N/A,N/A,N/A,N/A,2018-06-03,155,692,1,5
Hamilton,College,Women,Division III,Metro East,Western NY DIII,2018-03-07,N/A,N/A,N/A,N/A,2018-03-14,N/A,N/A,N/A,N/A,2018-03-21,N/A,N/A,N/A,N/A,2018-03-28,N/A,N/A,N/A,N/A,2018-04-03,N/A,N/A,N/A,N/A,2018-06-03,156,691,9,6
DePaul,College,Women,Division I,Great Lakes,Illinois DI,2018-03-07,N/A,N/A,N/A,N/A,2018-03-14,N/A,N/A,N/A,N/A,2018-03-21,N/A,N/A,N/A,N/A,2018-03-28,140,733,5,1,2018-04-03,140,640,7,3,2018-06-03,157,690,10,8
North Georgia,College,Women,Division III,Southeast,Southern Appalachian DI,2018-03-07,118,610,4,9,2018-03-14,110,764,4,9,2018-03-21,106,820,4,9,2018-03-28,130,783,4,9,2018-04-03,118,837,4,6,2018-06-03,158,688,4,10
St Benedict,College,Women,Division III,North Central,North Central DIII,2018-03-07,114,650,6,1,2018-03-14,122,657,6,1,2018-03-21,95,897,6,1,2018-03-28,109,976,6,1,2018-04-03,N/A,N/A,N/A,N/A,2018-06-03,159,680,2,3
SUNY-Oneonta,College,Women,Division III,Metro East,Western NY DIII,2018-03-07,N/A,N/A,N/A,N/A,2018-03-14,N/A,N/A,N/A,N/A,2018-03-21,N/A,N/A,N/A,N/A,2018-03-28,123,831,3,3,2018-04-03,141,636,4,7,2018-06-03,160,676,12,13
Saint Louis,College,Women,Division I,South Central,Ozarks DI,2018-03-07,128,513,4,3,2018-03-14,139,517,4,3,2018-03-21,116,727,4,3,2018-03-28,138,738,4,3,2018-04-03,N/A,N/A,N/A,N/A,2018-06-03,161,675,7,6
Cincinnati,College,Women,Division I,Ohio Valley,Ohio DI,2018-03-07,N/A,N/A,N/A,N/A,2018-03-14,N/A,N/A,N/A,N/A,2018-03-21,N/A,N/A,N/A,N/A,2018-03-28,132,767,6,5,2018-04-03,127,769,6,4,2018-06-03,162,674,7,8
Skidmore,College,Women,Division III,Metro East,Eastern Metro East DIII,2018-03-07,N/A,N/A,N/A,N/A,2018-03-14,N/A,N/A,N/A,N/A,2018-03-21,N/A,N/A,N/A,N/A,2018-03-28,119,860,4,7,2018-04-03,119,818,4,7,2018-06-03,163,673,8,12
Minnesota-Duluth,College,Women,Division I,North Central,Western North Central DI,2018-03-07,139,321,4,3,2018-03-14,150,328,4,3,2018-03-21,134,563,4,3,2018-03-28,153,664,4,3,2018-04-03,N/A,N/A,N/A,N/A,2018-06-03,164,663,4,8
Mary Washington,College,Women,Division III,Atlantic Coast,Atlantic Coast DIII,2018-03-07,141,314,3,4,2018-03-14,149,363,3,4,2018-03-21,140,506,5,6,2018-03-28,175,466,5,6,2018-04-03,156,459,5,6,2018-06-03,165,653,10,7
Montana State,College,Women,Division I,Northwest,Big Sky DI,2018-03-07,N/A,N/A,N/A,N/A,2018-03-14,N/A,N/A,N/A,N/A,2018-03-21,N/A,N/A,N/A,N/A,2018-03-28,N/A,N/A,N/A,N/A,2018-04-03,N/A,N/A,N/A,N/A,2018-06-03,166,636,4,7
South Florida,College,Women,Division I,Southeast,Florida DI,2018-03-07,169,-124,1,5,2018-03-14,127,628,3,9,2018-03-21,136,552,4,15,2018-03-28,169,528,4,15,2018-04-03,152,538,3,14,2018-06-03,167,629,6,20
Wellesley,College,Women,Division III,New England,Metro Boston DIII,2018-03-07,N/A,N/A,N/A,N/A,2018-03-14,N/A,N/A,N/A,N/A,2018-03-21,N/A,N/A,N/A,N/A,2018-03-28,122,836,3,6,2018-04-03,N/A,N/A,N/A,N/A,2018-06-03,168,628,5,7
Swarthmore,College,Women,Division III,Ohio Valley,Pennsylvania DIII,2018-03-07,N/A,N/A,N/A,N/A,2018-03-14,N/A,N/A,N/A,N/A,2018-03-21,N/A,N/A,N/A,N/A,2018-03-28,155,650,7,4,2018-04-03,142,622,8,8,2018-06-03,169,625,14,12
Temple,College,Women,Division I,Ohio Valley,Pennsylvania DI,2018-03-07,N/A,N/A,N/A,N/A,2018-03-14,N/A,N/A,N/A,N/A,2018-03-21,N/A,N/A,N/A,N/A,2018-03-28,N/A,N/A,N/A,N/A,2018-04-03,137,664,5,6,2018-06-03,170,592,8,15
Portland,College,Women,Division III,Northwest,Northwest DIII,2018-03-07,116,638,5,8,2018-03-14,128,624,5,8,2018-03-21,110,779,5,8,2018-03-28,117,879,8,11,2018-04-03,104,951,6,7,2018-06-03,171,589,8,12
Indiana,College,Women,Division I,Great Lakes,Eastern Great Lakes DI,2018-03-07,N/A,N/A,N/A,N/A,2018-03-14,N/A,N/A,N/A,N/A,2018-03-21,N/A,N/A,N/A,N/A,2018-03-28,137,743,2,5,2018-04-03,129,748,4,7,2018-06-03,172,588,6,12
East Carolina,College,Women,Division I,Atlantic Coast,Carolina DI,2018-03-07,147,230,3,4,2018-03-14,156,279,3,4,2018-03-21,131,576,6,7,2018-03-28,163,565,6,7,2018-04-03,153,516,5,7,2018-06-03,173,583,7,11
Virginia Commonwealth,College,Women,Division I,Atlantic Coast,Virginia DI,2018-03-07,99,775,3,4,2018-03-14,99,837,3,4,2018-03-21,117,718,5,8,2018-03-28,144,713,5,8,2018-04-03,135,697,4,8,2018-06-03,174,581,6,14
Bentley,College,Women,Division III,New England,Metro Boston DIII,2018-03-07,N/A,N/A,N/A,N/A,2018-03-14,N/A,N/A,N/A,N/A,2018-03-21,N/A,N/A,N/A,N/A,2018-03-28,N/A,N/A,N/A,N/A,2018-04-03,N/A,N/A,N/A,N/A,2018-06-03,175,569,2,5
Ohio Wesleyan,College,Women,Division III,Ohio Valley,Ohio DIII,2018-03-07,105,726,3,2,2018-03-14,112,726,3,2,2018-03-21,170,140,3,2,2018-03-28,183,438,6,6,2018-04-03,160,425,5,6,2018-06-03,176,565,14,11
Haverford,College,Women,Division III,Ohio Valley,Pennsylvania DIII,2018-03-07,N/A,N/A,N/A,N/A,2018-03-14,N/A,N/A,N/A,N/A,2018-03-21,N/A,N/A,N/A,N/A,2018-03-28,N/A,N/A,N/A,N/A,2018-04-03,143,622,3,9,2018-06-03,177,563,10,15
Oklahoma,College,Women,Division I,South Central,Ozarks DI,2018-03-07,143,298,4,3,2018-03-14,142,472,5,6,2018-03-21,124,665,5,6,2018-03-28,152,671,5,6,2018-04-03,136,668,4,4,2018-06-03,178,556,7,10
SUNY-Stony Brook,College,Women,Division I,Metro East,Eastern Metro East DI,2018-03-07,N/A,N/A,N/A,N/A,2018-03-14,N/A,N/A,N/A,N/A,2018-03-21,N/A,N/A,N/A,N/A,2018-03-28,N/A,N/A,N/A,N/A,2018-04-03,N/A,N/A,N/A,N/A,2018-06-03,179,556,2,5
Smith,College,Women,Division III,New England,South New England DIII,2018-03-07,N/A,N/A,N/A,N/A,2018-03-14,137,530,2,3,2018-03-21,132,572,2,3,2018-03-28,165,545,2,3,2018-04-03,N/A,N/A,N/A,N/A,2018-06-03,180,553,4,16
Worcester Polytechnic,College,Women,Division III,New England,South New England DIII,2018-03-07,N/A,N/A,N/A,N/A,2018-03-14,N/A,N/A,N/A,N/A,2018-03-21,N/A,N/A,N/A,N/A,2018-03-28,N/A,N/A,N/A,N/A,2018-04-03,N/A,N/A,N/A,N/A,2018-06-03,181,551,8,7
Virginia Tech,College,Women,Division I,Atlantic Coast,Virginia DI,2018-03-07,103,732,6,5,2018-03-14,103,793,6,5,2018-03-21,100,859,6,5,2018-03-28,134,759,6,5,2018-04-03,N/A,N/A,N/A,N/A,2018-06-03,182,548,5,18
Marquette,College,Women,Division I,North Central,Lake Superior DI,2018-03-07,166,-38,2,4,2018-03-14,180,-29,2,4,2018-03-21,164,207,2,4,2018-03-28,188,382,5,7,2018-04-03,163,381,5,6,2018-06-03,183,548,10,14
Occidental,College,Women,Division III,Southwest,SoCal DI,2018-03-07,142,313,2,4,2018-03-14,155,300,2,4,2018-03-21,142,459,2,4,2018-03-28,158,610,5,8,2018-04-03,N/A,N/A,N/A,N/A,2018-06-03,184,526,4,14
Kentucky,College,Women,Division I,Great Lakes,Eastern Great Lakes DI,2018-03-07,N/A,N/A,N/A,N/A,2018-03-14,N/A,N/A,N/A,N/A,2018-03-21,N/A,N/A,N/A,N/A,2018-03-28,190,362,3,4,2018-04-03,N/A,N/A,N/A,N/A,2018-06-03,185,520,5,10
Luther,College,Women,Division III,North Central,North Central DIII,2018-03-07,137,364,3,3,2018-03-14,147,381,3,3,2018-03-21,125,656,3,3,2018-03-28,159,602,5,4,2018-04-03,133,714,2,2,2018-06-03,186,504,6,5
Dickinson,College,Women,Division III,Ohio Valley,Pennsylvania DIII,2018-03-07,N/A,N/A,N/A,N/A,2018-03-14,N/A,N/A,N/A,N/A,2018-03-21,N/A,N/A,N/A,N/A,2018-03-28,N/A,N/A,N/A,N/A,2018-04-03,N/A,N/A,N/A,N/A,2018-06-03,187,497,11,6
Arizona B,College,Women,Developmental,Southwest,Southwest Dev,2018-03-07,182,-429,1,4,2018-03-14,193,-443,1,4,2018-03-21,194,-296,1,4,2018-03-28,172,503,5,7,2018-04-03,157,446,2,6,2018-06-03,188,484,3,6
Tulane,College,Women,Division I,Southeast,Gulf Coast DI,2018-03-07,164,-14,2,5,2018-03-14,172,80,5,9,2018-03-21,169,141,5,9,2018-03-28,221,127,5,9,2018-04-03,176,197,5,8,2018-06-03,189,483,6,15
Wake Forest,College,Women,Division I,Atlantic Coast,Carolina DI,2018-03-07,108,717,4,1,2018-03-14,106,785,4,1,2018-03-21,104,844,4,1,2018-03-28,164,560,6,3,2018-04-03,N/A,N/A,N/A,N/A,2018-06-03,190,474,5,8
Clark,College,Women,Division III,New England,South New England DIII,2018-03-07,N/A,N/A,N/A,N/A,2018-03-14,N/A,N/A,N/A,N/A,2018-03-21,N/A,N/A,N/A,N/A,2018-03-28,N/A,N/A,N/A,N/A,2018-04-03,N/A,N/A,N/A,N/A,2018-06-03,191,474,0,5
Wisconsin-Milwaukee,College,Women,Division I,North Central,Lake Superior DI,2018-03-07,160,57,3,4,2018-03-14,174,66,3,4,2018-03-21,155,320,6,5,2018-03-28,176,461,6,5,2018-04-03,N/A,N/A,N/A,N/A,2018-06-03,192,470,9,8
Valparaiso,College,Women,Division III,Great Lakes,Great Lakes DIII,2018-03-07,N/A,N/A,N/A,N/A,2018-03-14,N/A,N/A,N/A,N/A,2018-03-21,N/A,N/A,N/A,N/A,2018-03-28,219,151,2,4,2018-04-03,161,406,4,8,2018-06-03,193,470,8,10
Missouri,College,Women,Division I,South Central,Ozarks DI,2018-03-07,161,49,5,7,2018-03-14,173,78,5,7,2018-03-21,154,324,5,7,2018-03-28,189,377,5,7,2018-04-03,158,444,5,6,2018-06-03,194,467,8,9
Tufts B,College,Women,Developmental,New England,New England Dev,2018-03-07,N/A,N/A,N/A,N/A,2018-03-14,N/A,N/A,N/A,N/A,2018-03-21,N/A,N/A,N/A,N/A,2018-03-28,N/A,N/A,N/A,N/A,2018-04-03,N/A,N/A,N/A,N/A,2018-06-03,195,463,6,0
Kansas State,College,Women,Division I,South Central,Ozarks DI,2018-03-07,173,-197,2,5,2018-03-14,183,-174,2,5,2018-03-21,179,68,2,5,2018-03-28,218,161,2,5,2018-04-03,N/A,N/A,N/A,N/A,2018-06-03,196,457,5,8
Montana,College,Women,Division I,Northwest,Big Sky DI,2018-03-07,N/A,N/A,N/A,N/A,2018-03-14,N/A,N/A,N/A,N/A,2018-03-21,N/A,N/A,N/A,N/A,2018-03-28,N/A,N/A,N/A,N/A,2018-04-03,N/A,N/A,N/A,N/A,2018-06-03,197,444,1,4
Miami,College,Women,Division I,Southeast,Florida DI,2018-03-07,187,-576,0,5,2018-03-14,170,83,0,5,2018-03-21,180,52,0,5,2018-03-28,197,289,3,8,2018-04-03,N/A,N/A,N/A,N/A,2018-06-03,198,436,1,6
Rhode Island,College,Women,Division I,New England,Greater New England DI,2018-03-07,N/A,N/A,N/A,N/A,2018-03-14,N/A,N/A,N/A,N/A,2018-03-21,N/A,N/A,N/A,N/A,2018-03-28,166,537,2,3,2018-04-03,N/A,N/A,N/A,N/A,2018-06-03,199,431,3,9
Trinity,College,Women,Division III,South Central,South Central DIII,2018-03-07,N/A,N/A,N/A,N/A,2018-03-14,N/A,N/A,N/A,N/A,2018-03-21,N/A,N/A,N/A,N/A,2018-03-28,216,171,2,3,2018-04-03,154,511,4,4,2018-06-03,200,430,6,8
Sonoma State,College,Women,Division I,Southwest,NorCal DI,2018-03-07,144,285,3,8,2018-03-14,157,273,3,8,2018-03-21,143,438,3,8,2018-03-28,173,502,3,8,2018-04-03,146,597,3,5,2018-06-03,201,429,3,12
Texas-San Antonio,College,Women,Division I,South Central,Texas DI,2018-03-07,N/A,N/A,N/A,N/A,2018-03-14,N/A,N/A,N/A,N/A,2018-03-21,N/A,N/A,N/A,N/A,2018-03-28,184,428,2,3,2018-04-03,N/A,N/A,N/A,N/A,2018-06-03,202,424,2,4
Syracuse,College,Women,Division I,Metro East,Western NY DI,2018-03-07,N/A,N/A,N/A,N/A,2018-03-14,N/A,N/A,N/A,N/A,2018-03-21,N/A,N/A,N/A,N/A,2018-03-28,N/A,N/A,N/A,N/A,2018-04-03,N/A,N/A,N/A,N/A,2018-06-03,203,424,4,8
Nevada-Reno,College,Women,Division I,Southwest,NorCal DI,2018-03-07,157,150,4,2,2018-03-14,167,137,4,2,2018-03-21,158,294,4,2,2018-03-28,180,456,4,8,2018-04-03,N/A,N/A,N/A,N/A,2018-06-03,204,421,4,8
Texas A&M,College,Women,Division I,South Central,Texas DI,2018-03-07,N/A,N/A,N/A,N/A,2018-03-14,N/A,N/A,N/A,N/A,2018-03-21,N/A,N/A,N/A,N/A,2018-03-28,214,206,1,4,2018-04-03,N/A,N/A,N/A,N/A,2018-06-03,205,419,2,7
Vassar,College,Women,Division III,Metro East,Eastern Metro East DIII,2018-03-07,N/A,N/A,N/A,N/A,2018-03-14,N/A,N/A,N/A,N/A,2018-03-21,N/A,N/A,N/A,N/A,2018-03-28,N/A,N/A,N/A,N/A,2018-04-03,N/A,N/A,N/A,N/A,2018-06-03,206,409,4,6
Cedarville,College,Women,Division III,Ohio Valley,Ohio DIII,2018-03-07,N/A,N/A,N/A,N/A,2018-03-14,N/A,N/A,N/A,N/A,2018-03-21,141,502,3,4,2018-03-28,181,453,3,4,2018-04-03,N/A,N/A,N/A,N/A,2018-06-03,207,408,8,10
Xavier,College,Women,Division III,Ohio Valley,Ohio DIII,2018-03-07,68,1098,4,2,2018-03-14,58,1239,4,2,2018-03-21,63,1239,4,2,2018-03-28,156,624,7,5,2018-04-03,145,601,6,5,2018-06-03,208,404,9,7
Ithaca,College,Women,Division III,Metro East,Western NY DIII,2018-03-07,N/A,N/A,N/A,N/A,2018-03-14,N/A,N/A,N/A,N/A,2018-03-21,N/A,N/A,N/A,N/A,2018-03-28,171,514,4,5,2018-04-03,151,558,5,8,2018-06-03,209,402,8,13
Macalester,College,Women,Division III,North Central,North Central DIII,2018-03-07,N/A,N/A,N/A,N/A,2018-03-14,N/A,N/A,N/A,N/A,2018-03-21,N/A,N/A,N/A,N/A,2018-03-28,N/A,N/A,N/A,N/A,2018-04-03,N/A,N/A,N/A,N/A,2018-06-03,210,397,3,3
Maryland-Baltimore County,College,Women,Division I,Atlantic Coast,Colonial DI,2018-03-07,52,1257,2,4,2018-03-14,57,1257,2,4,2018-03-21,167,190,2,4,2018-03-28,149,680,2,4,2018-04-03,144,608,4,4,2018-06-03,211,396,6,11
Loyola-Chicago,College,Women,Division I,Great Lakes,Illinois DI,2018-03-07,N/A,N/A,N/A,N/A,2018-03-14,N/A,N/A,N/A,N/A,2018-03-21,148,348,2,4,2018-03-28,194,324,5,7,2018-04-03,162,386,5,7,2018-06-03,212,396,6,12
Pittsburgh B,College,Women,Division I,Ohio Valley,Pennsylvania DI,2018-03-07,149,223,1,5,2018-03-14,154,302,1,5,2018-03-21,165,204,1,5,2018-03-28,167,535,7,6,2018-04-03,155,462,6,6,2018-06-03,213,393,8,10
Florida B,College,Women,Developmental,Southeast,Florida DI,2018-03-07,155,159,3,3,2018-03-14,117,700,3,3,2018-03-21,130,585,6,7,2018-03-28,162,576,6,7,2018-04-03,150,562,5,5,2018-06-03,214,383,6,13
Knox,College,Women,Division III,Great Lakes,Great Lakes DIII,2018-03-07,N/A,N/A,N/A,N/A,2018-03-14,N/A,N/A,N/A,N/A,2018-03-21,N/A,N/A,N/A,N/A,2018-03-28,179,457,4,3,2018-04-03,164,362,5,9,2018-06-03,215,378,8,12
Gonzaga,College,Women,Division I,Northwest,Big Sky DI,2018-03-07,109,716,3,2,2018-03-14,116,702,3,2,2018-03-21,101,856,3,2,2018-03-28,145,705,3,2,2018-04-03,N/A,N/A,N/A,N/A,2018-06-03,216,365,0,4
Georgia State,College,Women,Division I,Southeast,Southern Appalachian DI,2018-03-07,170,-125,1,5,2018-03-14,178,-7,2,10,2018-03-21,181,49,2,10,2018-03-28,234,-6,2,10,2018-04-03,188,68,2,8,2018-06-03,217,365,4,14
Messiah,College,Women,Division III,Ohio Valley,Pennsylvania DIII,2018-03-07,N/A,N/A,N/A,N/A,2018-03-14,N/A,N/A,N/A,N/A,2018-03-21,N/A,N/A,N/A,N/A,2018-03-28,182,451,1,6,2018-04-03,N/A,N/A,N/A,N/A,2018-06-03,218,361,6,13
SUNY-Fredonia,College,Women,Division III,Metro East,Western NY DIII,2018-03-07,96,788,3,3,2018-03-14,105,788,3,3,2018-03-21,166,202,4,6,2018-03-28,186,390,4,6,2018-04-03,N/A,N/A,N/A,N/A,2018-06-03,219,359,7,13
Elon,College,Women,Division III,Atlantic Coast,Atlantic Coast DIII,2018-03-07,146,246,1,5,2018-03-14,160,252,1,10,2018-03-21,160,285,1,10,2018-03-28,202,264,1,10,2018-04-03,171,241,1,9,2018-06-03,220,355,4,12
Brown B,College,Women,Developmental,New England,New England Dev,2018-03-07,100,766,4,1,2018-03-14,109,766,4,1,2018-03-21,195,-300,4,1,2018-03-28,215,205,6,4,2018-04-03,N/A,N/A,N/A,N/A,2018-06-03,221,339,13,4
Connecticut College,College,Women,Division III,Metro East,Eastern Metro East DIII,2018-03-07,N/A,N/A,N/A,N/A,2018-03-14,N/A,N/A,N/A,N/A,2018-03-21,N/A,N/A,N/A,N/A,2018-03-28,N/A,N/A,N/A,N/A,2018-04-03,N/A,N/A,N/A,N/A,2018-06-03,222,336,3,3
Central Michigan,College,Women,Division I,Great Lakes,Eastern Great Lakes DI,2018-03-07,N/A,N/A,N/A,N/A,2018-03-14,N/A,N/A,N/A,N/A,2018-03-21,N/A,N/A,N/A,N/A,2018-03-28,209,233,1,5,2018-04-03,N/A,N/A,N/A,N/A,2018-06-03,223,335,1,5
North Carolina-Asheville,College,Women,Division III,Atlantic Coast,Atlantic Coast DIII,2018-03-07,129,499,1,5,2018-03-14,131,588,1,5,2018-03-21,126,644,1,5,2018-03-28,160,591,1,5,2018-04-03,N/A,N/A,N/A,N/A,2018-06-03,224,335,4,7
Northern Michigan,College,Women,Division I,North Central,Lake Superior DI,2018-03-07,N/A,N/A,N/A,N/A,2018-03-14,N/A,N/A,N/A,N/A,2018-03-21,N/A,N/A,N/A,N/A,2018-03-28,212,226,3,3,2018-04-03,N/A,N/A,N/A,N/A,2018-06-03,225,333,3,3
Idaho,College,Women,Division I,Northwest,Big Sky DI,2018-03-07,145,276,1,8,2018-03-14,159,262,1,8,2018-03-21,146,415,1,8,2018-03-28,174,492,1,13,2018-04-03,148,567,0,10,2018-06-03,226,318,0,11
Bates B,College,Women,Developmental,New England,New England Dev,2018-03-07,N/A,N/A,N/A,N/A,2018-03-14,N/A,N/A,N/A,N/A,2018-03-21,N/A,N/A,N/A,N/A,2018-03-28,N/A,N/A,N/A,N/A,2018-04-03,N/A,N/A,N/A,N/A,2018-06-03,227,310,1,7
Hofstra,College,Women,Division I,Metro East,Eastern Metro East DI,2018-03-07,110,700,3,5,2018-03-14,118,700,3,5,2018-03-21,173,114,3,5,2018-03-28,200,268,3,5,2018-04-03,167,333,5,8,2018-06-03,228,302,7,14
Kenyon,College,Women,Division III,Ohio Valley,Ohio DIII,2018-03-07,N/A,N/A,N/A,N/A,2018-03-14,N/A,N/A,N/A,N/A,2018-03-21,N/A,N/A,N/A,N/A,2018-03-28,N/A,N/A,N/A,N/A,2018-04-03,N/A,N/A,N/A,N/A,2018-06-03,229,295,3,3
Colgate,College,Women,Division III,Metro East,Western NY DIII,2018-03-07,N/A,N/A,N/A,N/A,2018-03-14,N/A,N/A,N/A,N/A,2018-03-21,N/A,N/A,N/A,N/A,2018-03-28,N/A,N/A,N/A,N/A,2018-04-03,N/A,N/A,N/A,N/A,2018-06-03,230,288,6,7
Kalamazoo,College,Women,Division III,Great Lakes,Great Lakes DIII,2018-03-07,N/A,N/A,N/A,N/A,2018-03-14,N/A,N/A,N/A,N/A,2018-03-21,N/A,N/A,N/A,N/A,2018-03-28,N/A,N/A,N/A,N/A,2018-04-03,N/A,N/A,N/A,N/A,2018-06-03,231,279,1,5
North Carolina B,College,Women,Developmental,Atlantic Coast,Atlantic Coast Dev,2018-03-07,154,182,1,9,2018-03-14,158,270,1,9,2018-03-21,153,326,1,9,2018-03-28,210,229,2,11,2018-04-03,180,152,0,9,2018-06-03,232,278,5,12
Virginia B,College,Women,Developmental,Atlantic Coast,Atlantic Coast Dev,2018-03-07,156,152,4,8,2018-03-14,153,318,4,8,2018-03-21,157,296,5,13,2018-03-28,195,305,5,13,2018-04-03,170,261,4,12,2018-06-03,233,277,9,13
Wisconsin-Stevens Point,College,Women,Division I,North Central,Lake Superior DI,2018-03-07,N/A,N/A,N/A,N/A,2018-03-14,N/A,N/A,N/A,N/A,2018-03-21,N/A,N/A,N/A,N/A,2018-03-28,N/A,N/A,N/A,N/A,2018-04-03,N/A,N/A,N/A,N/A,2018-06-03,234,272,1,4
North Texas,College,Women,Division I,South Central,Texas DI,2018-03-07,N/A,N/A,N/A,N/A,2018-03-14,N/A,N/A,N/A,N/A,2018-03-21,N/A,N/A,N/A,N/A,2018-03-28,245,-240,0,5,2018-04-03,N/A,N/A,N/A,N/A,2018-06-03,235,259,0,11
Western Washington B,College,Women,Division I,Northwest,Cascadia DI,2018-03-07,133,454,2,5,2018-03-14,143,440,2,5,2018-03-21,128,595,2,5,2018-03-28,170,525,2,5,2018-04-03,N/A,N/A,N/A,N/A,2018-06-03,236,258,0,10
Missouri State,College,Women,Division I,South Central,Ozarks DI,2018-03-07,159,73,3,3,2018-03-14,168,114,3,3,2018-03-21,149,346,3,3,2018-03-28,185,392,3,3,2018-04-03,N/A,N/A,N/A,N/A,2018-06-03,237,255,3,7
George Mason,College,Women,Division I,Atlantic Coast,Virginia DI,2018-03-07,177,-322,0,6,2018-03-14,164,214,2,11,2018-03-21,161,249,2,11,2018-03-28,233,0,4,15,2018-04-03,189,44,4,14,2018-06-03,238,253,7,25
Miami (Ohio),College,Women,Division I,Ohio Valley,Ohio DI,2018-03-07,125,546,0,5,2018-03-14,120,687,0,5,2018-03-21,119,687,0,5,2018-03-28,224,109,0,5,2018-04-03,N/A,N/A,N/A,N/A,2018-06-03,239,250,1,5
Michigan B,College,Women,Developmental,Great Lakes,Eastern Great Lakes DI,2018-03-07,N/A,N/A,N/A,N/A,2018-03-14,93,889,4,2,2018-03-21,97,889,4,2,2018-03-28,226,105,6,6,2018-04-03,169,266,9,10,2018-06-03,240,249,11,15
Allegheny,College,Women,Division III,Ohio Valley,Pennsylvania DIII,2018-03-07,N/A,N/A,N/A,N/A,2018-03-14,N/A,N/A,N/A,N/A,2018-03-21,N/A,N/A,N/A,N/A,2018-03-28,192,334,5,6,2018-04-03,166,349,5,6,2018-06-03,241,244,8,10
Georgia Tech B,College,Women,Division I,Southeast,Southern Appalachian DI,2018-03-07,N/A,N/A,N/A,N/A,2018-03-14,179,-13,3,7,2018-03-21,178,74,3,7,2018-03-28,230,49,3,7,2018-04-03,184,147,3,6,2018-06-03,242,242,4,12
Kansas B,College,Women,Division I,South Central,Ozarks DI,2018-03-07,176,-303,3,9,2018-03-14,188,-293,3,9,2018-03-21,185,-49,3,9,2018-03-28,223,112,3,9,2018-04-03,179,177,3,8,2018-06-03,243,239,5,11
Wheaton (Illinois),College,Women,Division III,Great Lakes,Great Lakes DIII,2018-03-07,N/A,N/A,N/A,N/A,2018-03-14,N/A,N/A,N/A,N/A,2018-03-21,152,326,1,5,2018-03-28,198,282,4,7,2018-04-03,165,359,4,6,2018-06-03,244,225,4,10
William & Mary B,College,Women,Developmental,Atlantic Coast,Atlantic Coast Dev,2018-03-07,167,-54,0,5,2018-03-14,176,20,0,5,2018-03-21,177,78,0,5,2018-03-28,235,-24,0,8,2018-04-03,N/A,N/A,N/A,N/A,2018-06-03,245,213,5,1
Texas B,College,Women,Developmental,South Central,Texas DI,2018-03-07,N/A,N/A,N/A,N/A,2018-03-14,N/A,N/A,N/A,N/A,2018-03-21,N/A,N/A,N/A,N/A,2018-03-28,254,-412,0,5,2018-04-03,185,127,1,8,2018-06-03,246,195,3,12
Colorado School of Mines,College,Women,Division III,South Central,South Central DIII,2018-03-07,N/A,N/A,N/A,N/A,2018-03-14,N/A,N/A,N/A,N/A,2018-03-21,N/A,N/A,N/A,N/A,2018-03-28,N/A,N/A,N/A,N/A,2018-04-03,N/A,N/A,N/A,N/A,2018-06-03,247,190,0,4
Northwestern B,College,Women,Developmental,Great Lakes,Illinois DI,2018-03-07,171,-160,3,4,2018-03-14,182,-151,3,4,2018-03-21,175,97,3,4,2018-03-28,203,261,3,4,2018-04-03,N/A,N/A,N/A,N/A,2018-06-03,248,178,3,9
Vermont B,College,Women,Developmental,New England,New England Dev,2018-03-07,N/A,N/A,N/A,N/A,2018-03-14,72,1127,5,1,2018-03-21,75,1127,5,1,2018-03-28,168,530,5,4,2018-04-03,159,442,6,3,2018-06-03,249,177,9,8
Northeastern B,College,Women,Developmental,New England,New England Dev,2018-03-07,89,850,5,0,2018-03-14,98,850,5,0,2018-03-21,192,-217,5,0,2018-03-28,201,267,9,3,2018-04-03,187,108,11,6,2018-06-03,250,160,16,8
Ohio Northern,College,Women,Division III,Ohio Valley,Ohio DIII,2018-03-07,N/A,N/A,N/A,N/A,2018-03-14,N/A,N/A,N/A,N/A,2018-03-21,N/A,N/A,N/A,N/A,2018-03-28,N/A,N/A,N/A,N/A,2018-04-03,N/A,N/A,N/A,N/A,2018-06-03,251,141,2,3
Salisbury,College,Women,Division I,Atlantic Coast,Colonial DI,2018-03-07,111,698,3,3,2018-03-14,119,698,3,3,2018-03-21,174,112,3,3,2018-03-28,193,325,3,3,2018-04-03,173,212,5,6,2018-06-03,252,141,5,12
Stonehill,College,Women,Division III,New England,Metro Boston DIII,2018-03-07,N/A,N/A,N/A,N/A,2018-03-14,N/A,N/A,N/A,N/A,2018-03-21,N/A,N/A,N/A,N/A,2018-03-28,N/A,N/A,N/A,N/A,2018-04-03,N/A,N/A,N/A,N/A,2018-06-03,253,139,0,3
Union,College,Women,Division III,Southeast,Southeast DIII,2018-03-07,186,-554,1,5,2018-03-14,194,-503,1,5,2018-03-21,203,-714,1,9,2018-03-28,256,-557,1,9,2018-04-03,175,201,1,9,2018-06-03,254,137,1,9
Wisconsin B,College,Women,Developmental,North Central,Lake Superior DI,2018-03-07,174,-235,1,5,2018-03-14,185,-228,1,5,2018-03-21,183,15,1,5,2018-03-28,217,165,4,8,2018-04-03,172,226,4,8,2018-06-03,255,134,5,12
Shippensburg,College,Women,Division III,Ohio Valley,Pennsylvania DIII,2018-03-07,101,760,2,3,2018-03-14,111,760,2,3,2018-03-21,168,174,2,3,2018-03-28,187,386,2,3,2018-04-03,N/A,N/A,N/A,N/A,2018-06-03,256,128,2,4
Wooster,College,Women,Division III,Ohio Valley,Ohio DIII,2018-03-07,N/A,N/A,N/A,N/A,2018-03-14,N/A,N/A,N/A,N/A,2018-03-21,N/A,N/A,N/A,N/A,2018-03-28,N/A,N/A,N/A,N/A,2018-04-03,N/A,N/A,N/A,N/A,2018-06-03,257,122,1,4
SUNY Cortland,College,Women,Division III,Metro East,Western NY DIII,2018-03-07,N/A,N/A,N/A,N/A,2018-03-14,N/A,N/A,N/A,N/A,2018-03-21,N/A,N/A,N/A,N/A,2018-03-28,N/A,N/A,N/A,N/A,2018-04-03,N/A,N/A,N/A,N/A,2018-06-03,258,112,2,8
College of New Jersey,College,Women,Division III,Metro East,Eastern Metro East DIII,2018-03-07,N/A,N/A,N/A,N/A,2018-03-14,N/A,N/A,N/A,N/A,2018-03-21,N/A,N/A,N/A,N/A,2018-03-28,225,108,0,9,2018-04-03,N/A,N/A,N/A,N/A,2018-06-03,259,94,2,12
Drake,College,Women,Division III,North Central,North Central DIII,2018-03-07,188,-644,0,6,2018-03-14,198,-636,0,6,2018-03-21,198,-391,0,6,2018-03-28,229,67,3,9,2018-04-03,183,148,3,8,2018-06-03,260,94,4,14
New Mexico,College,Women,Division I,Southwest,Desert DI,2018-03-07,180,-382,1,4,2018-03-14,191,-395,1,4,2018-03-21,193,-249,1,4,2018-03-28,204,258,1,9,2018-04-03,N/A,N/A,N/A,N/A,2018-06-03,261,92,0,6
California B,College,Women,Developmental,Southwest,Southwest Dev,2018-03-07,175,-255,1,10,2018-03-14,186,-268,1,10,2018-03-21,187,-109,1,10,2018-03-28,232,1,1,10,2018-04-03,181,150,1,8,2018-06-03,262,90,4,13
Rowan,College,Women,Division I,Metro East,Eastern Metro East DI,2018-03-07,N/A,N/A,N/A,N/A,2018-03-14,N/A,N/A,N/A,N/A,2018-03-21,N/A,N/A,N/A,N/A,2018-03-28,205,254,3,6,2018-04-03,177,196,2,4,2018-06-03,263,86,4,11
Seattle,College,Women,Division III,Northwest,Northwest DIII,2018-03-07,172,-173,0,5,2018-03-14,184,-187,0,5,2018-03-21,184,-32,0,5,2018-03-28,241,-121,0,5,2018-04-03,N/A,N/A,N/A,N/A,2018-06-03,264,66,0,5
Southern Indiana,College,Women,Division I,Great Lakes,Eastern Great Lakes DI,2018-03-07,N/A,N/A,N/A,N/A,2018-03-14,N/A,N/A,N/A,N/A,2018-03-21,N/A,N/A,N/A,N/A,2018-03-28,208,237,2,4,2018-04-03,168,286,2,4,2018-06-03,265,54,2,11
Utah State,College,Women,,Northwest,Big Sky DI,2018-03-07,N/A,N/A,N/A,N/A,2018-03-14,N/A,N/A,N/A,N/A,2018-03-21,N/A,N/A,N/A,N/A,2018-03-28,N/A,N/A,N/A,N/A,2018-04-03,N/A,N/A,N/A,N/A,2018-06-03,266,36,0,3
Johns Hopkins,College,Women,Division I,Atlantic Coast,Colonial DI,2018-03-07,N/A,N/A,N/A,N/A,2018-03-14,N/A,N/A,N/A,N/A,2018-03-21,N/A,N/A,N/A,N/A,2018-03-28,243,-144,0,6,2018-04-03,192,-17,2,8,2018-06-03,267,32,3,13
Washington University B,College,Women,Developmental,South Central,Ozarks DI,2018-03-07,179,-378,1,5,2018-03-14,190,-369,1,5,2018-03-21,189,-128,1,5,2018-03-28,220,129,1,5,2018-04-03,182,149,1,8,2018-06-03,268,20,1,13
Ohio State B,College,Women,Developmental,Ohio Valley,Ohio DI,2018-03-07,102,737,2,4,2018-03-14,95,877,5,7,2018-03-21,99,877,5,7,2018-03-28,206,247,7,12,2018-04-03,178,193,4,12,2018-06-03,269,17,4,17
Tulsa,College,Women,Division III,South Central,South Central DIII,2018-03-07,181,-407,3,10,2018-03-14,192,-403,3,10,2018-03-21,190,-157,3,10,2018-03-28,238,-48,3,10,2018-04-03,190,28,3,9,2018-06-03,270,6,3,16
Scranton,College,Women,Division III,Ohio Valley,Pennsylvania DIII,2018-03-07,N/A,N/A,N/A,N/A,2018-03-14,N/A,N/A,N/A,N/A,2018-03-21,N/A,N/A,N/A,N/A,2018-03-28,N/A,N/A,N/A,N/A,2018-04-03,N/A,N/A,N/A,N/A,2018-06-03,271,1,1,5
Georgetown B,College,Women,Developmental,Atlantic Coast,Atlantic Coast Dev,2018-03-07,80,974,1,5,2018-03-14,84,974,1,5,2018-03-21,186,-93,1,11,2018-03-28,231,44,1,11,2018-04-03,186,113,1,8,2018-06-03,272,-31,4,12
Columbia B,College,Women,Division I,Metro East,Eastern Metro East DI,2018-03-07,124,554,4,1,2018-03-14,135,554,4,1,2018-03-21,200,-513,4,1,2018-03-28,236,-37,4,1,2018-04-03,191,-13,6,6,2018-06-03,273,-91,7,11
Drexel,College,Women,Division I,Ohio Valley,Pennsylvania DI,2018-03-07,165,-17,1,6,2018-03-14,175,32,1,6,2018-03-21,162,240,1,6,2018-03-28,211,227,1,6,2018-04-03,N/A,N/A,N/A,N/A,2018-06-03,274,-98,1,12
Cornell B,College,Women,Developmental,Metro East,Western NY DI,2018-03-07,N/A,N/A,N/A,N/A,2018-03-14,N/A,N/A,N/A,N/A,2018-03-21,N/A,N/A,N/A,N/A,2018-03-28,N/A,N/A,N/A,N/A,2018-04-03,N/A,N/A,N/A,N/A,2018-06-03,275,-99,2,8
California-Davis B,College,Women,Developmental,Southwest,Southwest Dev,2018-03-07,168,-115,2,9,2018-03-14,181,-129,2,9,2018-03-21,182,26,2,9,2018-03-28,228,80,2,9,2018-04-03,174,205,1,6,2018-06-03,276,-112,3,12
Maryland B,College,Women,Developmental,Atlantic Coast,Atlantic Coast Dev,2018-03-07,138,327,1,4,2018-03-14,151,327,1,4,2018-03-21,204,-740,1,4,2018-03-28,247,-274,1,4,2018-04-03,N/A,N/A,N/A,N/A,2018-06-03,277,-117,4,7
Providence,College,Women,Developmental,New England,New England Dev,2018-03-07,N/A,N/A,N/A,N/A,2018-03-14,N/A,N/A,N/A,N/A,2018-03-21,N/A,N/A,N/A,N/A,2018-03-28,222,116,1,4,2018-04-03,N/A,N/A,N/A,N/A,2018-06-03,278,-120,3,8
Davidson,College,Women,Division III,Atlantic Coast,Atlantic Coast DIII,2018-03-07,183,-448,0,5,2018-03-14,187,-282,0,5,2018-03-21,191,-179,0,5,2018-03-28,237,-39,1,8,2018-04-03,N/A,N/A,N/A,N/A,2018-06-03,279,-120,1,13
Harvard B,College,Women,Developmental,New England,New England Dev,2018-03-07,N/A,N/A,N/A,N/A,2018-03-14,N/A,N/A,N/A,N/A,2018-03-21,N/A,N/A,N/A,N/A,2018-03-28,N/A,N/A,N/A,N/A,2018-04-03,N/A,N/A,N/A,N/A,2018-06-03,280,-144,2,4
Boston University B,College,Women,Developmental,New England,New England Dev,2018-03-07,N/A,N/A,N/A,N/A,2018-03-14,N/A,N/A,N/A,N/A,2018-03-21,N/A,N/A,N/A,N/A,2018-03-28,240,-86,0,5,2018-04-03,N/A,N/A,N/A,N/A,2018-06-03,281,-146,4,11
Boston College  B,College,Women,Developmental,New England,New England Dev,2018-03-07,N/A,N/A,N/A,N/A,2018-03-14,N/A,N/A,N/A,N/A,2018-03-21,N/A,N/A,N/A,N/A,2018-03-28,N/A,N/A,N/A,N/A,2018-04-03,N/A,N/A,N/A,N/A,2018-06-03,282,-157,5,6
Carleton College C,College,Women,Division III,North Central,North Central DIII,2018-03-07,N/A,N/A,N/A,N/A,2018-03-14,N/A,N/A,N/A,N/A,2018-03-21,N/A,N/A,N/A,N/A,2018-03-28,N/A,N/A,N/A,N/A,2018-04-03,N/A,N/A,N/A,N/A,2018-06-03,283,-191,0,6
Christopher Newport,College,Women,Division III,Atlantic Coast,Atlantic Coast DIII,2018-03-07,178,-347,0,6,2018-03-14,189,-298,0,6,2018-03-21,188,-125,0,10,2018-03-28,242,-139,0,10,2018-04-03,195,-162,0,10,2018-06-03,284,-198,1,13
Vermont C,College,Women,Developmental,New England,New England Dev,2018-03-07,N/A,N/A,N/A,N/A,2018-03-14,N/A,N/A,N/A,N/A,2018-03-21,N/A,N/A,N/A,N/A,2018-03-28,N/A,N/A,N/A,N/A,2018-04-03,N/A,N/A,N/A,N/A,2018-06-03,285,-203,3,9
Charleston,College,Women,Division I,Atlantic Coast,Carolina DI,2018-03-07,N/A,N/A,N/A,N/A,2018-03-14,N/A,N/A,N/A,N/A,2018-03-21,176,93,0,8,2018-03-28,239,-72,0,8,2018-04-03,193,-43,0,6,2018-06-03,286,-217,0,13
Pennsylvania B,College,Women,Division I,Ohio Valley,Pennsylvania DI,2018-03-07,N/A,N/A,N/A,N/A,2018-03-14,N/A,N/A,N/A,N/A,2018-03-21,N/A,N/A,N/A,N/A,2018-03-28,N/A,N/A,N/A,N/A,2018-04-03,198,-506,2,8,2018-06-03,287,-254,3,13
Towson B,College,Women,Developmental,Atlantic Coast,Atlantic Coast Dev,2018-03-07,130,489,3,9,2018-03-14,141,489,3,9,2018-03-21,202,-578,3,9,2018-03-28,244,-180,3,9,2018-04-03,194,-127,4,11,2018-06-03,288,-276,5,16
Notre Dame B,College,Women,Developmental,Great Lakes,Eastern Great Lakes DI,2018-03-07,N/A,N/A,N/A,N/A,2018-03-14,195,-508,0,6,2018-03-21,196,-332,0,12,2018-03-28,251,-401,0,12,2018-04-03,196,-334,0,11,2018-06-03,289,-290,0,12
Jefferson,College,Women,Division III,Ohio Valley,Pennsylvania DIII,2018-03-07,N/A,N/A,N/A,N/A,2018-03-14,N/A,N/A,N/A,N/A,2018-03-21,N/A,N/A,N/A,N/A,2018-03-28,N/A,N/A,N/A,N/A,2018-04-03,N/A,N/A,N/A,N/A,2018-06-03,290,-290,0,7
Hendrix,College,Women,,South Central,South Central DIII,2018-03-07,189,-746,0,6,2018-03-14,199,-734,0,6,2018-03-21,199,-490,0,6,2018-03-28,250,-387,0,6,2018-04-03,N/A,N/A,N/A,N/A,2018-06-03,291,-295,0,6
Eastern Michigan,College,Women,Division I,Great Lakes,Eastern Great Lakes DI,2018-03-07,N/A,N/A,N/A,N/A,2018-03-14,N/A,N/A,N/A,N/A,2018-03-21,N/A,N/A,N/A,N/A,2018-03-28,246,-270,0,5,2018-04-03,N/A,N/A,N/A,N/A,2018-06-03,292,-298,0,4
Georgia Southern,College,Women,Division I,Southeast,Southern Appalachian DI,2018-03-07,N/A,N/A,N/A,N/A,2018-03-14,N/A,N/A,N/A,N/A,2018-03-21,N/A,N/A,N/A,N/A,2018-03-28,N/A,N/A,N/A,N/A,2018-04-03,N/A,N/A,N/A,N/A,2018-06-03,293,-304,1,4
Maine,College,Women,Division I,New England,Greater New England DI,2018-03-07,N/A,N/A,N/A,N/A,2018-03-14,N/A,N/A,N/A,N/A,2018-03-21,N/A,N/A,N/A,N/A,2018-03-28,N/A,N/A,N/A,N/A,2018-04-03,N/A,N/A,N/A,N/A,2018-06-03,294,-306,0,8
Hartford,College,Women,Division III,Metro East,Eastern Metro East DIII,2018-03-07,N/A,N/A,N/A,N/A,2018-03-14,N/A,N/A,N/A,N/A,2018-03-21,N/A,N/A,N/A,N/A,2018-03-28,N/A,N/A,N/A,N/A,2018-04-03,N/A,N/A,N/A,N/A,2018-06-03,295,-320,1,4
SUNY-Buffalo,College,Women,Division I,Metro East,Western NY DI,2018-03-07,N/A,N/A,N/A,N/A,2018-03-14,N/A,N/A,N/A,N/A,2018-03-21,N/A,N/A,N/A,N/A,2018-03-28,N/A,N/A,N/A,N/A,2018-04-03,N/A,N/A,N/A,N/A,2018-06-03,296,-359,0,9
Oberlin B,College,Women,Division III,Ohio Valley,Ohio DIII,2018-03-07,N/A,N/A,N/A,N/A,2018-03-14,145,424,0,6,2018-03-21,144,424,0,6,2018-03-28,248,-311,0,6,2018-04-03,N/A,N/A,N/A,N/A,2018-06-03,297,-399,1,11
Amherst B,College,Women,Developmental,New England,North New England Dev,2018-03-07,N/A,N/A,N/A,N/A,2018-03-14,N/A,N/A,N/A,N/A,2018-03-21,N/A,N/A,N/A,N/A,2018-03-28,N/A,N/A,N/A,N/A,2018-04-03,N/A,N/A,N/A,N/A,2018-06-03,298,-419,0,4
Alabama-Huntsville,College,Women,Division I,Southeast,Gulf Coast DI,2018-03-07,190,-1154,0,7,2018-03-14,200,-1103,0,7,2018-03-21,207,-1314,0,7,2018-03-28,258,-1157,0,7,2018-04-03,N/A,N/A,N/A,N/A,2018-06-03,299,-463,0,14
Wisconsin-La Crosse  B,College,Women,Developmental,North Central,Lake Superior DI,2018-03-07,N/A,N/A,N/A,N/A,2018-03-14,N/A,N/A,N/A,N/A,2018-03-21,N/A,N/A,N/A,N/A,2018-03-28,N/A,N/A,N/A,N/A,2018-04-03,N/A,N/A,N/A,N/A,2018-06-03,300,-466,0,4
Cal Poly-SLO B,College,Women,Developmental,Southwest,Southwest Dev,2018-03-07,184,-523,0,6,2018-03-14,196,-536,0,6,2018-03-21,197,-380,0,6,2018-03-28,252,-410,0,6,2018-04-03,N/A,N/A,N/A,N/A,2018-06-03,301,-481,0,11
Wesleyan B,College,Women,Developmental,Metro East,Eastern Metro East DIII,2018-03-07,N/A,N/A,N/A,N/A,2018-03-14,N/A,N/A,N/A,N/A,2018-03-21,N/A,N/A,N/A,N/A,2018-03-28,N/A,N/A,N/A,N/A,2018-04-03,N/A,N/A,N/A,N/A,2018-06-03,302,-484,0,9
Goucher,College,Women,Division III,Atlantic Coast,Atlantic Coast DIII,2018-03-07,N/A,N/A,N/A,N/A,2018-03-14,N/A,N/A,N/A,N/A,2018-03-21,N/A,N/A,N/A,N/A,2018-03-28,N/A,N/A,N/A,N/A,2018-04-03,N/A,N/A,N/A,N/A,2018-06-03,303,-535,0,4
George Washington B,College,Women,Developmental,Atlantic Coast,Atlantic Coast Dev,2018-03-07,148,229,1,4,2018-03-14,163,229,1,4,2018-03-21,205,-838,1,4,2018-03-28,249,-374,1,4,2018-04-03,197,-359,1,8,2018-06-03,304,-541,1,14
Emory B,College,Women,Developmental,Southeast,Southern Appalachian DI,2018-03-07,185,-544,0,7,2018-03-14,197,-613,0,7,2018-03-21,201,-551,0,7,2018-03-28,257,-606,0,7,2018-04-03,N/A,N/A,N/A,N/A,2018-06-03,305,-605,0,12
Wellesley B,College,Women,Developmental,New England,New England Dev,2018-03-07,N/A,N/A,N/A,N/A,2018-03-14,N/A,N/A,N/A,N/A,2018-03-21,N/A,N/A,N/A,N/A,2018-03-28,253,-411,0,5,2018-04-03,N/A,N/A,N/A,N/A,2018-06-03,306,-695,0,9
American B,College,Women,Developmental,Atlantic Coast,Atlantic Coast Dev,2018-03-07,163,4,0,5,2018-03-14,177,4,0,5,2018-03-21,206,-1063,0,5,2018-03-28,255,-540,0,9,2018-04-03,N/A,N/A,N/A,N/A,2018-06-03,307,-706,1,13
Princeton B,College,Women,Developmental,Metro East,Eastern Metro East DI,2018-03-07,N/A,N/A,N/A,N/A,2018-03-14,N/A,N/A,N/A,N/A,2018-03-21,N/A,N/A,N/A,N/A,2018-03-28,N/A,N/A,N/A,N/A,2018-04-03,N/A,N/A,N/A,N/A,2018-06-03,308,-708,0,8
Muhlenberg,College,Women,Developmental,Ohio Valley,Pennsylvania DIII,2018-03-07,N/A,N/A,N/A,N/A,2018-03-14,N/A,N/A,N/A,N/A,2018-03-21,N/A,N/A,N/A,N/A,2018-03-28,N/A,N/A,N/A,N/A,2018-04-03,N/A,N/A,N/A,N/A,2018-06-03,309,-757,0,4
Wooster B,College,Women,Developmental,Ohio Valley,Ohio DIII,2018-03-07,N/A,N/A,N/A,N/A,2018-03-14,N/A,N/A,N/A,N/A,2018-03-21,N/A,N/A,N/A,N/A,2018-03-28,N/A,N/A,N/A,N/A,2018-04-03,N/A,N/A,N/A,N/A,2018-06-03,310,-999,0,4
Simon Fraser University,College,Women,Division II,Northwest,Northwest DIII,2018-03-07,N/A,N/A,N/A,N/A,2018-03-14,N/A,N/A,N/A,N/A,2018-03-21,N/A,N/A,N/A,N/A,2018-03-28,67,1294,5,1,2018-04-03,N/A,N/A,N/A,N/A,2018-06-03,N/A,N/A,N/A,N/A
Missouri S&T,College,Women,Division III,South Central,South Central DIII,2018-03-07,134,418,6,8,2018-03-14,144,439,6,8,2018-03-21,120,684,6,8,2018-03-28,142,717,6,8,2018-04-03,N/A,N/A,N/A,N/A,2018-06-03,N/A,N/A,N/A,N/A
Pacific Lutheran B,College,Women,Division III,Northwest,Northwest DIII,2018-03-07,151,192,2,4,2018-03-14,166,178,2,4,2018-03-21,151,332,2,4,2018-03-28,191,351,2,4,2018-04-03,N/A,N/A,N/A,N/A,2018-06-03,N/A,N/A,N/A,N/A
Franciscan University of Steubenville,College,Women,Division III,Ohio Valley,Ohio DIII,2018-03-07,N/A,N/A,N/A,N/A,2018-03-14,N/A,N/A,N/A,N/A,2018-03-21,N/A,N/A,N/A,N/A,2018-03-28,199,277,3,4,2018-04-03,N/A,N/A,N/A,N/A,2018-06-03,N/A,N/A,N/A,N/A
Washington B,College,Women,Developmental,Northwest,Cascadia DI,2018-03-07,158,96,1,5,2018-03-14,171,83,1,5,2018-03-21,163,237,1,5,2018-03-28,213,210,1,5,2018-04-03,N/A,N/A,N/A,N/A,2018-06-03,N/A,N/A,N/A,N/A
Haverford B,College,Women,Division III,Ohio Valley,Pennsylvania DIII,2018-03-07,N/A,N/A,N/A,N/A,2018-03-14,N/A,N/A,N/A,N/A,2018-03-21,N/A,N/A,N/A,N/A,2018-03-28,227,100,3,3,2018-04-03,N/A,N/A,N/A,N/A,2018-06-03,N/A,N/A,N/A,N/A
